es_id,final_decision,manual_note,review_batch,evidence_basis,evidence_source_url
Camden-2021_4154_P,INCLUDE,first_pass_retained,original_304,application_description,
Hackney-2023_1659,INCLUDE,first_pass_retained,original_304,application_description,
Hackney-2023_1781,EXCLUDE,secondary_lbc_only,original_304,official_lpa_record,
Hackney-2023_0139,EXCLUDE,secondary_lbc_only,original_304,official_lpa_record,
Hillingdon-71923_APP_2021_3894,INCLUDE,first_pass_retained,original_304,application_description,
Islington-P2021_3498_PRA,INCLUDE,first_pass_retained,original_304,application_description,
Islington-P2021_3347_PRA,INCLUDE,first_pass_retained,original_304,application_description,
Islington-P2022_2125_PRA,INCLUDE,first_pass_retained,original_304,application_description,
Islington-P2022_0832_PRA,INCLUDE,first_pass_retained,original_304,application_description,
Hounslow-PAC_2023_2056,INCLUDE,first_pass_retained,original_304,application_description,
Hackney-2022_0434,INCLUDE,first_pass_retained,original_304,application_description,
Wandsworth-2022_1138,INCLUDE,first_pass_retained,original_304,application_description,
Hillingdon-77095_APP_2023_2856,INCLUDE,first_pass_retained,original_304,application_description,
Hillingdon-77095_APP_2023_1879,INCLUDE,first_pass_retained,original_304,application_description,
Hillingdon-75251_APP_2023_3385,INCLUDE,first_pass_retained,original_304,application_description,
Islington-Q2021_3373_MIN,EXCLUDE,first_pass_retained,original_304,application_description,
Richmond-22_3255_GPD26,INCLUDE,first_pass_retained,original_304,application_description,
Bromley-22_04185_CUETC3,INCLUDE,first_pass_retained,original_304,application_description,
Merton-22_P2011,INCLUDE,first_pass_retained,original_304,application_description,
Southwark-22_AP_3633,INCLUDE,first_pass_retained,original_304,application_description,
Merton-23_P3228,INCLUDE,first_pass_retained,original_304,application_description,
Merton-23_P3317,INCLUDE,first_pass_retained,original_304,application_description,
Bromley-23_00594_CUETC3,INCLUDE,first_pass_retained,original_304,application_description,
Redbridge-0838_23,INCLUDE,first_pass_retained,original_304,application_description,
Southwark-22_AP_2939,INCLUDE,first_pass_retained,original_304,application_description,
Tower_Hamlets-PA_23_02304,INCLUDE,first_pass_retained,original_304,application_description,
Croydon-23_04327_GPDO,INCLUDE,first_pass_retained,original_304,application_description,
Croydon-23_04354_GPDO,INCLUDE,first_pass_retained,original_304,application_description,
Westminster-22_07575_P3JPA,INCLUDE,first_pass_retained,original_304,application_description,
Westminster-23_03267_P3JPA,INCLUDE,first_pass_retained,original_304,application_description,
Richmond-23_1863_GPD26,INCLUDE,first_pass_retained,original_304,application_description,
Richmond-23_1865_GPD26,INCLUDE,first_pass_retained,original_304,application_description,
Haringey-HGY_2023_0011,INCLUDE,first_pass_retained,original_304,application_description,
Tower_Hamlets-PA_22_00359_NC,INCLUDE,first_pass_retained,original_304,application_description,
Waltham_Forest-221874,INCLUDE,first_pass_retained,original_304,application_description,
Barnet-23_2769_PNE,INCLUDE,first_pass_retained,original_304,application_description,
Bromley-22_02310_CUETC3,INCLUDE,first_pass_retained,original_304,application_description,
Hackney-2022_2880,INCLUDE,first_pass_retained,original_304,application_description,
Croydon-23_04406_GPDO,INCLUDE,first_pass_retained,original_304,application_description,
Camden-2021_4184_P,INCLUDE,first_pass_retained,original_304,application_description,
Kensington_&_Chelsea-PP_22_01224,INCLUDE,first_pass_retained,original_304,application_description,
Waltham_Forest-213946,INCLUDE,first_pass_retained,original_304,application_description,
Waltham_Forest-231113,INCLUDE,first_pass_retained,original_304,application_description,
Greenwich-22_2286_F,INCLUDE,first_pass_retained,original_304,application_description,
Waltham_Forest-213530,INCLUDE,first_pass_retained,original_304,application_description,
Bexley-22_00536_FUL,INCLUDE,first_pass_retained,original_304,application_description,
Islington-P2022_3177_PRA,INCLUDE,first_pass_retained,original_304,application_description,
Southwark-22_AP_1782,INCLUDE,first_pass_retained,original_304,application_description,
Camden-2023_2988_P,INCLUDE,first_pass_retained,original_304,application_description,
Islington-P2023_2334,INCLUDE,first_pass_retained,original_304,application_description,
Bexley-23_01059_PRIOR,EXCLUDE,first_pass_retained,original_304,application_description,
Redbridge-1036_23,INCLUDE,first_pass_retained,original_304,application_description,
Haringey-HGY_2021_3380,INCLUDE,first_pass_retained,original_304,application_description,
Haringey-HGY_2022_0615,INCLUDE,first_pass_retained,original_304,application_description,
Haringey-HGY_2021_2847,INCLUDE,first_pass_retained,original_304,application_description,
Newham-24_00011_PRECOU,INCLUDE,first_pass_retained,original_304,application_description,
Sutton-DM2024_00001,INCLUDE,first_pass_retained,original_304,application_description,
Islington-P2022_2336_PRA,INCLUDE,first_pass_retained,original_304,application_description,
Kingston-23_01986_PAMA,INCLUDE,first_pass_retained,original_304,application_description,
Haringey-HGY_2022_1520,INCLUDE,first_pass_retained,original_304,application_description,
Sutton-DM2023_00879,INCLUDE,first_pass_retained,original_304,application_description,
Croydon-23_01101_GPDO,INCLUDE,additional_evidence_confirms_eligibility,original_304,pld_structured_fields_and_or_official_lpa_record,
Wandsworth-2023_3717,INCLUDE,first_pass_retained,original_304,application_description,
Islington-P2023_1959_PRA,INCLUDE,first_pass_retained,original_304,application_description,
Newham-22_02974_PRECOU,INCLUDE,first_pass_retained,original_304,application_description,
Newham-23_00728_PRECOU,INCLUDE,first_pass_retained,original_304,application_description,
Enfield-23_00469_PMA,INCLUDE,first_pass_retained,original_304,application_description,
Enfield-23_00615_PMA,INCLUDE,additional_evidence_confirms_eligibility,original_304,pld_structured_fields_and_or_official_lpa_record,
Islington-P2023_0922,UNRESOLVED,possible_source_id_mismatch_or_duplicate,original_304,pld_record_plus_official_lpa_cross_check,
Newham-23_00414_PRECOU,INCLUDE,first_pass_retained,original_304,application_description,
Westminster-24_00344_APA,INCLUDE,additional_evidence_confirms_eligibility,original_304,pld_structured_fields_and_or_official_lpa_record,
Hackney-2022_3061,INCLUDE,additional_evidence_confirms_eligibility,original_304,pld_structured_fields_and_or_official_lpa_record,
Lambeth-22_04490_P3MA,INCLUDE,first_pass_retained,original_304,application_description,
Richmond-23_0449_GPD26,INCLUDE,first_pass_retained,original_304,application_description,
Southwark-23_AP_2467,INCLUDE,first_pass_retained,original_304,application_description,
Richmond-23_0761_GPD26,INCLUDE,first_pass_retained,original_304,application_description,
Richmond-22_3652_GPD26,INCLUDE,additional_evidence_confirms_eligibility,original_304,pld_structured_fields_and_or_official_lpa_record,
Islington-P2022_3309,INCLUDE,additional_evidence_confirms_eligibility,original_304,pld_structured_fields_and_or_official_lpa_record,
Richmond-22_2111_GPD26,INCLUDE,additional_evidence_confirms_eligibility,original_304,pld_structured_fields_and_or_official_lpa_record,
Camden-2024_0475_P,INCLUDE,first_pass_retained,original_304,application_description,
Southwark-23_AP_1414,INCLUDE,first_pass_retained,original_304,application_description,
Islington-P2023_1297,EXCLUDE,first_pass_retained,original_304,application_description,
Tower_Hamlets-PA_23_00337_A1,INCLUDE,first_pass_retained,original_304,application_description,
Merton-23_P1519,INCLUDE,first_pass_retained,original_304,application_description,
Richmond-23_0254_GPD26,INCLUDE,additional_evidence_confirms_eligibility,original_304,pld_structured_fields_and_or_official_lpa_record,
Islington-P2022_3129_PRA,INCLUDE,first_pass_retained,original_304,application_description,
Richmond-22_3769_GPD26,INCLUDE,additional_evidence_confirms_eligibility,original_304,pld_structured_fields_and_or_official_lpa_record,
Croydon-23_02628_GPDO,INCLUDE,additional_evidence_confirms_eligibility,original_304,pld_structured_fields_and_or_official_lpa_record,
Islington-P2023_0473_PRA,INCLUDE,first_pass_retained,original_304,application_description,
Merton-23_P1818,INCLUDE,first_pass_retained,original_304,application_description,
Richmond-23_1471_GPD26,INCLUDE,additional_evidence_confirms_eligibility,original_304,pld_structured_fields_and_or_official_lpa_record,
Richmond-22_2338_GPD26,INCLUDE,additional_evidence_confirms_eligibility,original_304,pld_structured_fields_and_or_official_lpa_record,
Richmond-24_0048_GPD26,INCLUDE,first_pass_retained,original_304,application_description,
Barnet-23_4976_PNE,INCLUDE,first_pass_retained,original_304,application_description,
Richmond-23_0253_GPD26,INCLUDE,additional_evidence_confirms_eligibility,original_304,pld_structured_fields_and_or_official_lpa_record,
Greenwich-23_1965_PN2,INCLUDE,additional_evidence_confirms_eligibility,original_304,pld_structured_fields_and_or_official_lpa_record,
Ealing-232157FUL,UNRESOLVED,insufficient_evidence_after_adjudication,original_304,description_pld_and_available_official_evidence_insufficient,
Hackney-2023_1704,INCLUDE,first_pass_retained,original_304,application_description,
Haringey-HGY_2022_0996,INCLUDE,first_pass_retained,original_304,application_description,
Bromley-21_05286_CUETC3,INCLUDE,first_pass_retained,original_304,application_description,
Bromley-21_04291_CUETC3,INCLUDE,first_pass_retained,original_304,application_description,
Brent-23_2074,EXCLUDE,first_pass_retained,original_304,application_description,
Kensington_&_Chelsea-PA_22_07727,INCLUDE,first_pass_retained,original_304,application_description,
Kensington_&_Chelsea-PA_22_07731,INCLUDE,first_pass_retained,original_304,application_description,
Kensington_&_Chelsea-PA_22_07726,INCLUDE,first_pass_retained,original_304,application_description,
Kensington_&_Chelsea-PA_22_07724,INCLUDE,first_pass_retained,original_304,application_description,
Westminster-23_02328_APA,INCLUDE,additional_evidence_confirms_eligibility,original_304,pld_structured_fields_and_or_official_lpa_record,
Kingston-23_03172_PAR2R,INCLUDE,first_pass_retained,original_304,application_description,
Kensington_&_Chelsea-PA_22_07732,INCLUDE,first_pass_retained,original_304,application_description,
Newham-23_00037_PRECOU,INCLUDE,first_pass_retained,original_304,application_description,
Newham-23_00982_PRECOU,INCLUDE,first_pass_retained,original_304,application_description,
Merton-23_P1243,INCLUDE,first_pass_retained,original_304,application_description,
Merton-23_P2724,INCLUDE,first_pass_retained,original_304,application_description,
Islington-P2022_3433,EXCLUDE,first_pass_retained,original_304,application_description,
Brent-22_3684,EXCLUDE,first_pass_retained,original_304,application_description,
Westminster-22_03970_PIAPA,INCLUDE,first_pass_retained,original_304,application_description,
Croydon-23_03960_GPDO,INCLUDE,first_pass_retained,original_304,application_description,
Lambeth-22_00718_FUL,INCLUDE,first_pass_retained,original_304,application_description,
Croydon-22_05318_FUL,INCLUDE,first_pass_retained,original_304,application_description,
Kingston-22_03708_FUL,INCLUDE,first_pass_retained,original_304,application_description,
Croydon-22_03064_FUL,INCLUDE,first_pass_retained,original_304,application_description,
Kingston-23_00753_FUL,INCLUDE,first_pass_retained,original_304,application_description,
Croydon-22_03183_FUL,INCLUDE,first_pass_retained,original_304,application_description,
Kingston-23_01350_FUL,INCLUDE,first_pass_retained,original_304,application_description,
Bexley-21_02506_FUL,INCLUDE,first_pass_retained,original_304,application_description,
Wandsworth-2021_5839,INCLUDE,first_pass_retained,original_304,application_description,
Westminster-22_07847_FULL,INCLUDE,first_pass_retained,original_304,application_description,
Wandsworth-2022_2530,INCLUDE,first_pass_retained,original_304,application_description,
Croydon-22_04359_FUL,INCLUDE,first_pass_retained,original_304,application_description,
Lambeth-23_01343_FUL,EXCLUDE,first_pass_retained,original_304,application_description,
Hammersmith_&_Fulham-2022_01873_FUL,INCLUDE,first_pass_retained,original_304,application_description,
Wandsworth-2022_2885,INCLUDE,first_pass_retained,original_304,application_description,
Lewisham-DC_22_127527,EXCLUDE,first_pass_retained,original_304,application_description,
Wandsworth-2022_4091,INCLUDE,first_pass_retained,original_304,application_description,
Hammersmith_&_Fulham-2022_01391_FUL,INCLUDE,first_pass_retained,original_304,application_description,
Merton-22_P0667,INCLUDE,first_pass_retained,original_304,application_description,
Hackney-2021_3542,INCLUDE,first_pass_retained,original_304,application_description,
Kensington_&_Chelsea-PA_22_02601,INCLUDE,first_pass_retained,original_304,application_description,
Kensington_&_Chelsea-PP_21_07164,INCLUDE,first_pass_retained,original_304,application_description,
Newham-21_02184_PRECOU,INCLUDE,first_pass_retained,original_304,application_description,
Hackney-2021_2802,INCLUDE,first_pass_retained,original_304,application_description,
Hackney-2022_3089,INCLUDE,first_pass_retained,original_304,application_description,
Hackney-2022_2649,INCLUDE,first_pass_retained,original_304,application_description,
Westminster-21_08340_P3JPA,INCLUDE,first_pass_retained,original_304,application_description,
Wandsworth-2022_2622,INCLUDE,first_pass_retained,original_304,application_description,
Greenwich-22_4043_F,EXCLUDE,first_pass_retained,original_304,application_description,
Enfield-21_03121_FUL,INCLUDE,first_pass_retained,original_304,application_description,
Kensington_&_Chelsea-PP_22_00040,INCLUDE,first_pass_retained,original_304,application_description,
Lambeth-22_02605_FUL,INCLUDE,first_pass_retained,original_304,application_description,
Lambeth-22_00745_FUL,INCLUDE,first_pass_retained,original_304,application_description,
Newham-21_02927_FUL,INCLUDE,first_pass_retained,original_304,application_description,
Barking_&_Dagenham-22_01041_FULL,INCLUDE,first_pass_retained,original_304,application_description,
Waltham_Forest-230434,INCLUDE,first_pass_retained,original_304,application_description,
Waltham_Forest-220462,INCLUDE,first_pass_retained,original_304,application_description,
Waltham_Forest-223374,INCLUDE,first_pass_retained,original_304,application_description,
Waltham_Forest-212916,EXCLUDE,first_pass_retained,original_304,application_description,
Hammersmith_&_Fulham-2022_01814_FUL,EXCLUDE,no_clear_existing_commercial_to_c3_component,original_304,pld_structured_fields,
Wandsworth-2022_1735,INCLUDE,first_pass_retained,original_304,application_description,
Ealing-222852FUL,INCLUDE,first_pass_retained,original_304,application_description,
Lewisham-DC_22_125607,INCLUDE,first_pass_retained,original_304,application_description,
Hammersmith_&_Fulham-2023_00827_FUL,EXCLUDE,no_clear_existing_commercial_to_c3_component,original_304,pld_structured_fields,
Ealing-221418FUL,INCLUDE,first_pass_retained,original_304,application_description,
Greenwich-21_4391_F,INCLUDE,additional_evidence_confirms_eligibility,original_304,pld_structured_fields_and_or_official_lpa_record,
Hammersmith_&_Fulham-2023_02581_FUL,EXCLUDE,first_pass_retained,original_304,application_description,
Waltham_Forest-221774,INCLUDE,first_pass_retained,original_304,application_description,
Waltham_Forest-231426,INCLUDE,first_pass_retained,original_304,application_description,
Wandsworth-2022_3954,EXCLUDE,first_pass_retained,original_304,application_description,
Lambeth-21_04904_FUL,INCLUDE,first_pass_retained,original_304,application_description,
Westminster-23_03344_P3JPA,EXCLUDE,source_record_mismatch_or_contamination,original_304,official_lpa_record,
Waltham_Forest-223600,EXCLUDE,first_pass_retained,original_304,application_description,
Hackney-2022_1794,EXCLUDE,first_pass_retained,original_304,application_description,
Lambeth-23_03682_LB,EXCLUDE,first_pass_retained,original_304,application_description,
Lambeth-23_03681_FUL,UNRESOLVED,insufficient_evidence_after_adjudication,original_304,description_pld_and_available_official_evidence_insufficient,
Southwark-23_AP_0791,EXCLUDE,first_pass_retained,original_304,application_description,
Hackney-2024_0401,INCLUDE,first_pass_retained,original_304,application_description,
Hackney-2024_0402,INCLUDE,first_pass_retained,original_304,application_description,
Bexley-23_00951_FUL,INCLUDE,first_pass_retained,original_304,application_description,
Westminster-22_04834_FULL,INCLUDE,first_pass_retained,original_304,application_description,
Hillingdon-5778_APP_2021_3809,INCLUDE,first_pass_retained,original_304,application_description,
Kensington_&_Chelsea-PP_23_04721,INCLUDE,first_pass_retained,original_304,application_description,
Harrow-P_0279_23,EXCLUDE,first_pass_retained,original_304,application_description,
Greenwich-24_0305_F,EXCLUDE,first_pass_retained,original_304,application_description,
Kensington_&_Chelsea-PP_23_04680,INCLUDE,first_pass_retained,original_304,application_description,
Harrow-P_1471_23,EXCLUDE,first_pass_retained,original_304,application_description,
Croydon-22_04224_FUL,INCLUDE,first_pass_retained,original_304,application_description,
Southwark-22_AP_4283,EXCLUDE,first_pass_retained,original_304,application_description,
Croydon-23_00729_FUL,EXCLUDE,first_pass_retained,original_304,application_description,
Harrow-P_4324_22,EXCLUDE,first_pass_retained,original_304,application_description,
Camden-2022_2077_P,INCLUDE,first_pass_retained,original_304,application_description,
Camden-2023_3292_P,INCLUDE,first_pass_retained,original_304,application_description,
Wandsworth-2022_3530,INCLUDE,first_pass_retained,original_304,application_description,
Richmond-22_2954_GPD26,INCLUDE,first_pass_retained,original_304,application_description,
Hammersmith_&_Fulham-2021_03053_FUL,INCLUDE,first_pass_retained,original_304,application_description,
Hackney-2022_0988,EXCLUDE,first_pass_retained,original_304,application_description,
Wandsworth-2022_2884,INCLUDE,first_pass_retained,original_304,application_description,
Waltham_Forest-221498,EXCLUDE,first_pass_retained,original_304,application_description,
Southwark-22_AP_4089,EXCLUDE,first_pass_retained,original_304,application_description,
Waltham_Forest-221102,EXCLUDE,first_pass_retained,original_304,application_description,
Waltham_Forest-213995,INCLUDE,first_pass_retained,original_304,application_description,
Waltham_Forest-230813,INCLUDE,first_pass_retained,original_304,application_description,
Enfield-22_01693_FUL,EXCLUDE,first_pass_retained,original_304,application_description,
Lambeth-23_02053_FUL,EXCLUDE,first_pass_retained,original_304,application_description,
Southwark-23_AP_0479,EXCLUDE,first_pass_retained,original_304,application_description,
Islington-Q2021_3503_MJR,EXCLUDE,first_pass_retained,original_304,application_description,
Waltham_Forest-221539,INCLUDE,first_pass_retained,original_304,application_description,
Wandsworth-2023_1865,INCLUDE,first_pass_retained,original_304,application_description,
Newham-23_00648_FUL,EXCLUDE,first_pass_retained,original_304,application_description,
Newham-23_02581_FUL,EXCLUDE,first_pass_retained,original_304,application_description,
Newham-23_02073_FUL,EXCLUDE,first_pass_retained,original_304,application_description,
Lewisham-DC_22_129784,EXCLUDE,first_pass_retained,original_304,application_description,
Lewisham-DC_23_129784,EXCLUDE,first_pass_retained,original_304,application_description,
Southwark-22_AP_4061,INCLUDE,first_pass_retained,original_304,application_description,
Hammersmith_&_Fulham-2023_00732_FUL,EXCLUDE,first_pass_retained,original_304,application_description,
Tower_Hamlets-PA_22_02580_R,EXCLUDE,first_pass_retained,original_304,application_description,
Merton-23_P1670,EXCLUDE,first_pass_retained,original_304,application_description,
Merton-23_P2598,EXCLUDE,first_pass_retained,original_304,application_description,
Hackney-2021_2696,EXCLUDE,first_pass_retained,original_304,application_description,
Lambeth-21_04712_FUL,EXCLUDE,first_pass_retained,original_304,application_description,
Waltham_Forest-221561,EXCLUDE,first_pass_retained,original_304,application_description,
Waltham_Forest-222983,EXCLUDE,first_pass_retained,original_304,application_description,
Southwark-21_AP_4757,EXCLUDE,first_pass_retained,original_304,application_description,
Brent-22_3346,EXCLUDE,first_pass_retained,original_304,application_description,
Camden-2022_2542_P,EXCLUDE,first_pass_retained,original_304,application_description,
Enfield-23_01774_FUL,EXCLUDE,first_pass_retained,original_304,application_description,
Westminster-22_03944_OBS,EXCLUDE,first_pass_retained,original_304,application_description,
Hammersmith_&_Fulham-2022_00809_FUL,INCLUDE,first_pass_retained,original_304,application_description,
Islington-P2023_2412_FUL,INCLUDE,additional_evidence_confirms_eligibility,original_304,pld_structured_fields_and_or_official_lpa_record,
Hammersmith_&_Fulham-2021_03131_FUL,EXCLUDE,first_pass_retained,original_304,application_description,
Kensington_&_Chelsea-PP_23_03269,INCLUDE,first_pass_retained,original_304,application_description,
Waltham_Forest-222008,EXCLUDE,first_pass_retained,original_304,application_description,
Lewisham-DC_22_125167,EXCLUDE,first_pass_retained,original_304,application_description,
City_of_London-23_01328_OBS,EXCLUDE,first_pass_retained,original_304,application_description,
Haringey-HGY_2021_2685,UNRESOLVED,insufficient_evidence_after_adjudication,original_304,description_pld_and_available_official_evidence_insufficient,
Haringey-HGY_2022_0667,UNRESOLVED,insufficient_evidence_after_adjudication,original_304,description_pld_and_available_official_evidence_insufficient,
Hammersmith_&_Fulham-2022_00804_FUL,INCLUDE,first_pass_retained,original_304,application_description,
Waltham_Forest-230958,EXCLUDE,first_pass_retained,original_304,application_description,
Hammersmith_&_Fulham-2021_02076_FUL,INCLUDE,first_pass_retained,original_304,application_description,
Hammersmith_&_Fulham-2023_00003_FUL,INCLUDE,first_pass_retained,original_304,application_description,
Westminster-22_06777_P3JPA,INCLUDE,first_pass_retained,original_304,application_description,
Waltham_Forest-240081,EXCLUDE,first_pass_retained,original_304,application_description,
Hammersmith_&_Fulham-2021_02874_FUL,INCLUDE,first_pass_retained,original_304,application_description,
Waltham_Forest-230686,EXCLUDE,first_pass_retained,original_304,application_description,
Wandsworth-2023_2025,INCLUDE,first_pass_retained,original_304,application_description,
Greenwich-22_1077_F,EXCLUDE,first_pass_retained,original_304,application_description,
Barnet-22_3620_FUL,EXCLUDE,first_pass_retained,original_304,application_description,
Greenwich-22_0001_F,EXCLUDE,first_pass_retained,original_304,application_description,
Hammersmith_&_Fulham-2022_01882_FUL,INCLUDE,first_pass_retained,original_304,application_description,
Hammersmith_&_Fulham-2023_00727_FUL,INCLUDE,first_pass_retained,original_304,application_description,
Hammersmith_&_Fulham-2022_00578_FUL,INCLUDE,first_pass_retained,original_304,application_description,
Hammersmith_&_Fulham-2023_03164_FUL,INCLUDE,first_pass_retained,original_304,application_description,
Hammersmith_&_Fulham-2023_01993_FUL,INCLUDE,first_pass_retained,original_304,application_description,
Hillingdon-1331_APP_2022_2553,EXCLUDE,redevelopment_new_build_only,original_304,pld_structured_fields_and_official_lpa_record,
Havering-J0038.21,INCLUDE,additional_evidence_confirms_eligibility,original_304,pld_structured_fields_and_or_official_lpa_record,
Havering-J0009.22,INCLUDE,first_pass_retained,original_304,application_description,
Hillingdon-77708_APP_2022_3645,EXCLUDE,first_pass_retained,original_304,application_description,
Greenwich-22_3420_F,EXCLUDE,first_pass_retained,original_304,application_description,
Croydon-21_04116_FUL,EXCLUDE,first_pass_retained,original_304,application_description,
Croydon-22_04328_FUL,EXCLUDE,no_clear_existing_commercial_to_c3_component,original_304,pld_structured_fields,
City_of_London-23_01205_FULL,INCLUDE,first_pass_retained,original_304,application_description,
Sutton-DM2023_01721,EXCLUDE,first_pass_retained,original_304,application_description,
Camden-2022_4337_L,EXCLUDE,secondary_lbc_only,original_304,official_lpa_record,
Redbridge-4521_21,INCLUDE,first_pass_retained,original_304,application_description,
Sutton-DM2023_01097,EXCLUDE,first_pass_retained,original_304,application_description,
Newham-23_00629_FUL,EXCLUDE,first_pass_retained,original_304,application_description,
Wandsworth-2022_1694,EXCLUDE,first_pass_retained,original_304,application_description,
Havering-P1765.23,EXCLUDE,first_pass_retained,original_304,application_description,
Kensington_&_Chelsea-PP_23_08479,INCLUDE,first_pass_retained,original_304,application_description,
Merton-22_P3718,INCLUDE,first_pass_retained,original_304,application_description,
Croydon-22_01082_FUL,INCLUDE,first_pass_retained,original_304,application_description,
Tower_Hamlets-PA_22_02491_A1,INCLUDE,first_pass_retained,original_304,application_description,
Brent-21_4347,INCLUDE,first_pass_retained,original_304,application_description,
Camden-2022_3721_P,INCLUDE,first_pass_retained,original_304,application_description,
Westminster-23_00878_FULL,EXCLUDE,first_pass_retained,original_304,application_description,
Wandsworth-2024_0700,EXCLUDE,first_pass_retained,original_304,application_description,
Bromley-22_01926_FULL3,INCLUDE,first_pass_retained,original_304,application_description,
Lewisham-DC_22_125897,EXCLUDE,first_pass_retained,original_304,application_description,
Richmond-22_0110_FUL,INCLUDE,first_pass_retained,original_304,application_description,
Richmond-22_0109_FUL,INCLUDE,first_pass_retained,original_304,application_description,
Bromley-21_05098_CUETC3,INCLUDE,first_pass_retained,original_304,application_description,
Croydon-22_02476_GPDO,INCLUDE,first_pass_retained,original_304,application_description,
Haringey-HGY_2023_3336,EXCLUDE,first_pass_retained,original_304,application_description,
Ealing-224843FUL,INCLUDE,first_pass_retained,original_304,application_description,
Ealing-232605FUL,INCLUDE,first_pass_retained,original_304,application_description,
Hillingdon-28301_APP_2022_2205,INCLUDE,first_pass_retained,original_304,application_description,
Hillingdon-28301_APP_2022_2206,EXCLUDE,first_pass_retained,original_304,application_description,
Lambeth-22_03435_FUL,EXCLUDE,first_pass_retained,original_304,application_description,
Haringey-HGY_2022_0823,EXCLUDE,first_pass_retained,original_304,application_description,
Lambeth-22_00277_P3MA,INCLUDE,first_pass_retained,original_304,application_description,
Lambeth-23_00704_P3MA,INCLUDE,first_pass_retained,original_304,application_description,
Lambeth-22_03216_P3MA,INCLUDE,first_pass_retained,original_304,application_description,
Sutton-DM2022_00569,INCLUDE,first_pass_retained,original_304,application_description,
Kensington_&_Chelsea-PP_22_02392,INCLUDE,first_pass_retained,original_304,application_description,
Kensington_&_Chelsea-PP_22_03115,EXCLUDE,first_pass_retained,original_304,application_description,
Hackney-2022_0438,INCLUDE,first_pass_retained,original_304,application_description,
Ealing-215270FUL,EXCLUDE,first_pass_retained,original_304,application_description,
Brent-22_3487,INCLUDE,first_pass_retained,original_304,application_description,
Lewisham-DC_23_133922,EXCLUDE,first_pass_retained,original_304,application_description,
Waltham_Forest-220253,INCLUDE,first_pass_retained,original_304,application_description,
Waltham_Forest-220973,INCLUDE,first_pass_retained,original_304,application_description,
Ealing-234110OUT,EXCLUDE,first_pass_retained,original_304,application_description,
Kensington_&_Chelsea-PP_24_00951,UNRESOLVED,insufficient_evidence_after_adjudication,original_304,description_pld_and_available_official_evidence_insufficient,
Greenwich-22_2202_F,EXCLUDE,first_pass_retained,original_304,application_description,
Tower_Hamlets-PA_23_02325_A1,EXCLUDE,first_pass_retained,original_304,application_description,
Hammersmith_&_Fulham-2022_00031_FUL,INCLUDE,mixed_scheme_valid_commercial_to_c3_component,original_304,pld_structured_fields_and_application_description,
Barnet-23_0055_FUL,UNRESOLVED,"The proposal converts/alters an existing building and clearly provides C3 above Class E ground/basement, but the existing use of the upper floors that become C3 is not stated. A commercial→C3 conversion cannot be proved.",delta_420,Description + application metadata + targeted council/official-record cross-check.,https://publicaccess.barnet.gov.uk/online-applications/applicationDetails.do?activeTab=summary&keyVal=RO2N87JIFUX00
City_of_London-24_00161_OBS,EXCLUDE,"Application identity/metadata shows a consultation, companion or other non-substantive/follow-up record rather than an independent substantive application.",delta_420,Application identity/number/description + source metadata.,
Hackney-2024_0513,EXCLUDE,"Neighbour/other-authority consultation, notification or formal-observations record; not the determining authority's substantive application.",delta_420,Application identity/number/description + source metadata.,
Richmond-23_3371_FUL,INCLUDE,Existing Class E basement/other existing floorspace is explicitly part-converted to ancillary C3 residential floorspace; added levels do not remove the qualifying conversion component.,delta_420,Description-led validation + application identity/source metadata.,
Tower_Hamlets-PA_24_00184_A1,EXCLUDE,The retained/conversion element is hospital/institutional rather than a qualifying commercial origin; the C3 component therefore does not establish commercial→C3 conversion.,delta_420,Description-led validation + application identity/source metadata.,https://development.towerhamlets.gov.uk/online-applications/applicationDetails.do?keyVal=DCAPR143238&activeTab=summary
Brent-21_4041,INCLUDE,"All four rules are satisfied: a substantive application identifies existing commercial/service floorspace being changed to ordinary C3 residential use. Extensions/new-build elements, where present, are additional to rather than a substitute for the qualifying conversion.",delta_420,Description-led validation + application identity/source metadata.,https://pa.brent.gov.uk/online-applications/applicationDetails.do?keyVal=DCAPR_157590&activeTab=summary
Brent-22_4002,INCLUDE,"All four rules are satisfied: a substantive application identifies existing commercial/service floorspace being changed to ordinary C3 residential use. Extensions/new-build elements, where present, are additional to rather than a substitute for the qualifying conversion.",delta_420,Description-led validation + application identity/source metadata.,https://pa.brent.gov.uk/online-applications/applicationDetails.do?keyVal=DCAPR_162783&activeTab=summary
Croydon-23_01654_FUL,INCLUDE,"All four rules are satisfied: a substantive application identifies existing commercial/service floorspace being changed to ordinary C3 residential use. Extensions/new-build elements, where present, are additional to rather than a substitute for the qualifying conversion.",delta_420,Description-led validation + application identity/source metadata.,
Ealing-223182FUL,UNRESOLVED,"Conversion of first/second floors to a C3 unit is clear, but the existing use of those floors is not stated; commercial origin cannot be established reliably.",delta_420,Description-led validation + application identity/source metadata.,https://pam.ealing.gov.uk/online-applications/PLAN/223182FUL;
Enfield-24_00071_FUL,INCLUDE,"All four rules are satisfied: a substantive application identifies existing commercial/service floorspace being changed to ordinary C3 residential use. Extensions/new-build elements, where present, are additional to rather than a substitute for the qualifying conversion.",delta_420,Description-led validation + application identity/source metadata.,
Southwark-22_AP_4175,INCLUDE,"All four rules are satisfied: a substantive application identifies existing commercial/service floorspace being changed to ordinary C3 residential use. Extensions/new-build elements, where present, are additional to rather than a substitute for the qualifying conversion.",delta_420,Description-led validation + application identity/source metadata.,
Barking_&_Dagenham-21_01776_FULL,EXCLUDE,"The C3 component is delivered through demolition/redevelopment/new construction, and the description does not establish a retained existing commercial→C3 conversion component.",delta_420,Description-led validation + application identity/source metadata.,https://online-befirst.lbbd.gov.uk/planning/index.html?fa=getApplication&id=29706
Barking_&_Dagenham-21_01908_FULL,EXCLUDE,"Commercial and C3 uses may both appear in the scheme, but the description does not contain a qualifying retained existing commercial→C3 conversion; the residential component is new/reprovided/reconfigured rather than converted commercial floorspace.",delta_420,Description-led validation + application identity/source metadata.,https://online-befirst.lbbd.gov.uk/planning/index.html?fa=getApplication&id=28966
Barnet-21_4381_FUL,EXCLUDE,"The C3 component is delivered through demolition/redevelopment/new construction, and the description does not establish a retained existing commercial→C3 conversion component.",delta_420,Description-led validation + application identity/source metadata.,
Barnet-21_5186_FUL,EXCLUDE,"The C3 component is delivered through demolition/redevelopment/new construction, and the description does not establish a retained existing commercial→C3 conversion component.",delta_420,Description-led validation + application identity/source metadata.,
Barnet-21_6029_FUL,EXCLUDE,"The C3 component is delivered through demolition/redevelopment/new construction, and the description does not establish a retained existing commercial→C3 conversion component.",delta_420,Description-led validation + application identity/source metadata.,
Barnet-22_1576_NAC,EXCLUDE,"Application identity/metadata shows a consultation, companion or other non-substantive/follow-up record rather than an independent substantive application.",delta_420,Application identity/number/description + source metadata.,
Barnet-22_4526_FUL,EXCLUDE,"The C3 component is delivered through demolition/redevelopment/new construction, and the description does not establish a retained existing commercial→C3 conversion component.",delta_420,Description-led validation + application identity/source metadata.,
Barnet-22_5168_FUL,EXCLUDE,"The C3 component is delivered through demolition/redevelopment/new construction, and the description does not establish a retained existing commercial→C3 conversion component.",delta_420,Description-led validation + application identity/source metadata.,
Barnet-22_5733_FUL,EXCLUDE,"The C3 component is delivered through demolition/redevelopment/new construction, and the description does not establish a retained existing commercial→C3 conversion component.",delta_420,Description-led validation + application identity/source metadata.,
Barnet-23_1802_FUL,EXCLUDE,"The C3 component is delivered through demolition/redevelopment/new construction, and the description does not establish a retained existing commercial→C3 conversion component.",delta_420,Description-led validation + application identity/source metadata.,
Barnet-23_3964_FUL,EXCLUDE,"The C3 component is delivered through demolition/redevelopment/new construction, and the description does not establish a retained existing commercial→C3 conversion component.",delta_420,Description-led validation + application identity/source metadata.,
Barnet-23_4556_FUL,EXCLUDE,"Commercial and C3 uses may both appear in the scheme, but the description does not contain a qualifying retained existing commercial→C3 conversion; the residential component is new/reprovided/reconfigured rather than converted commercial floorspace.",delta_420,Description-led validation + application identity/source metadata.,
Barnet-23_5219_FUL,EXCLUDE,"The C3 component is delivered through demolition/redevelopment/new construction, and the description does not establish a retained existing commercial→C3 conversion component.",delta_420,Description-led validation + application identity/source metadata.,
Bexley-23_02922_FULM,EXCLUDE,"The C3 component is delivered through demolition/redevelopment/new construction, and the description does not establish a retained existing commercial→C3 conversion component.",delta_420,Description-led validation + application identity/source metadata.,
Bexley-23_03120_FUL,EXCLUDE,"The C3 component is delivered through demolition/redevelopment/new construction, and the description does not establish a retained existing commercial→C3 conversion component.",delta_420,Description-led validation + application identity/source metadata.,
Bexley-23_03120_FULM,EXCLUDE,"The C3 component is delivered through demolition/redevelopment/new construction, and the description does not establish a retained existing commercial→C3 conversion component.",delta_420,Description-led validation + application identity/source metadata.,
Bexley-23_03296_FULM,EXCLUDE,"The C3 component is delivered through demolition/redevelopment/new construction, and the description does not establish a retained existing commercial→C3 conversion component.",delta_420,Description-led validation + application identity/source metadata.,
Brent-22_0784,EXCLUDE,"Commercial and C3 uses may both appear in the scheme, but the description does not contain a qualifying retained existing commercial→C3 conversion; the residential component is new/reprovided/reconfigured rather than converted commercial floorspace.",delta_420,Description-led validation + application identity/source metadata.,https://pa.brent.gov.uk/online-applications/applicationDetails.do?keyVal=DCAPR_159229&activeTab=summary
Brent-22_1145,EXCLUDE,"The C3 component is delivered through demolition/redevelopment/new construction, and the description does not establish a retained existing commercial→C3 conversion component.",delta_420,Description-led validation + application identity/source metadata.,https://pa.brent.gov.uk/online-applications/applicationDetails.do?keyVal=DCAPR_159622&activeTab=summary
Brent-23_0580,EXCLUDE,"The C3 component is delivered through demolition/redevelopment/new construction, and the description does not establish a retained existing commercial→C3 conversion component.",delta_420,Description-led validation + application identity/source metadata.,https://pa.brent.gov.uk/online-applications/applicationDetails.do?keyVal=DCAPR_163808&activeTab=summary
Brent-23_3272,EXCLUDE,Reserved-matters follow-up to an outline permission; excluded under Rule 1.,delta_420,Application identity/number/description + source metadata.,https://pa.brent.gov.uk/online-applications/applicationDetails.do?keyVal=DCAPR_166569&activeTab=summary
Brent-23_3364,EXCLUDE,"The C3 component is delivered through demolition/redevelopment/new construction, and the description does not establish a retained existing commercial→C3 conversion component.",delta_420,Description-led validation + application identity/source metadata.,https://pa.brent.gov.uk/online-applications/applicationDetails.do?keyVal=DCAPR_166665&activeTab=summary
Bromley-21_05420_FULL1,EXCLUDE,"The C3 component is delivered through demolition/redevelopment/new construction, and the description does not establish a retained existing commercial→C3 conversion component.",delta_420,Description-led validation + application identity/source metadata.,
Bromley-22_00033_FULL1,EXCLUDE,"Commercial and C3 uses may both appear in the scheme, but the description does not contain a qualifying retained existing commercial→C3 conversion; the residential component is new/reprovided/reconfigured rather than converted commercial floorspace.",delta_420,Description-led validation + application identity/source metadata.,
Bromley-22_00126_FULL1,EXCLUDE,"The C3 component is delivered through demolition/redevelopment/new construction, and the description does not establish a retained existing commercial→C3 conversion component.",delta_420,Description-led validation + application identity/source metadata.,
Bromley-22_01912_FULL1,EXCLUDE,"The C3 component is delivered through demolition/redevelopment/new construction, and the description does not establish a retained existing commercial→C3 conversion component.",delta_420,Description-led validation + application identity/source metadata.,
Bromley-23_00730_ADJ,EXCLUDE,"Application identity/metadata shows a consultation, companion or other non-substantive/follow-up record rather than an independent substantive application.",delta_420,Application identity/number/description + source metadata.,
Bromley-23_00774_FULL1,EXCLUDE,"The C3 component is delivered through demolition/redevelopment/new construction, and the description does not establish a retained existing commercial→C3 conversion component.",delta_420,Description-led validation + application identity/source metadata.,
Bromley-23_02633_FULL1,EXCLUDE,"The C3 component is delivered through demolition/redevelopment/new construction, and the description does not establish a retained existing commercial→C3 conversion component.",delta_420,Description-led validation + application identity/source metadata.,
Bromley-23_04766_ADJ,EXCLUDE,"Application identity/metadata shows a consultation, companion or other non-substantive/follow-up record rather than an independent substantive application.",delta_420,Application identity/number/description + source metadata.,
Camden-2022_4259_P,UNRESOLVED,Current CSV evidence does not independently prove that the floors becoming C3 had an existing qualifying commercial use.,delta_420,Description-led validation + application identity/source metadata.,https://planningrecords.camden.gov.uk/Northgate/PlanningExplorer/DisplayAppDetails.aspx?AppNo=2022/4259/P
Camden-2022_5066_P,EXCLUDE,The C3 unit is created by the rear/upper extension while the existing commercial use is retained; no existing commercial floorspace is converted to C3.,delta_420,Description-led validation + application identity/source metadata.,https://planningrecords.camden.gov.uk/Northgate/PlanningExplorer/DisplayAppDetails.aspx?AppNo=2022/5066/P
Camden-2023_2199_P,INCLUDE,Researcher re-check retained INCLUDE: available evidence supports existing commercial/office floorspace being converted to C3.,delta_420,Description-led validation + application identity/source metadata.,
City_of_London-21_00313_FULMAJ,EXCLUDE,"The C3 component is delivered through demolition/redevelopment/new construction, and the description does not establish a retained existing commercial→C3 conversion component.",delta_420,Description-led validation + application identity/source metadata.,
City_of_London-22_00215_FULL,EXCLUDE,"The existing office floors are upgraded/retained; the C3 dwelling is created in newly added roof-storey floorspace, so Rule 4 fails.",delta_420,Description-led validation + application identity/source metadata.,
City_of_London-23_00165_OBS,EXCLUDE,"Application identity/metadata shows a consultation, companion or other non-substantive/follow-up record rather than an independent substantive application.",delta_420,Application identity/number/description + source metadata.,
Croydon-21_04463_FUL,EXCLUDE,"Commercial and C3 uses may both appear in the scheme, but the description does not contain a qualifying retained existing commercial→C3 conversion; the residential component is new/reprovided/reconfigured rather than converted commercial floorspace.",delta_420,Description-led validation + application identity/source metadata.,
Croydon-22_00101_AUT,EXCLUDE,"Application identity/metadata shows a consultation, companion or other non-substantive/follow-up record rather than an independent substantive application.",delta_420,Application identity/number/description + source metadata.,
Croydon-22_01713_FUL,EXCLUDE,"Commercial and C3 uses may both appear in the scheme, but the description does not contain a qualifying retained existing commercial→C3 conversion; the residential component is new/reprovided/reconfigured rather than converted commercial floorspace.",delta_420,Description-led validation + application identity/source metadata.,
Croydon-22_03566_FUL,EXCLUDE,"The C3 component is delivered through demolition/redevelopment/new construction, and the description does not establish a retained existing commercial→C3 conversion component.",delta_420,Description-led validation + application identity/source metadata.,
Croydon-22_04209_AUT,EXCLUDE,"Application identity/metadata shows a consultation, companion or other non-substantive/follow-up record rather than an independent substantive application.",delta_420,Application identity/number/description + source metadata.,
Croydon-23_00087_FUL,EXCLUDE,"The C3 component is delivered through demolition/redevelopment/new construction, and the description does not establish a retained existing commercial→C3 conversion component.",delta_420,Description-led validation + application identity/source metadata.,
Croydon-23_00491_AUT,EXCLUDE,"Application identity/metadata shows a consultation, companion or other non-substantive/follow-up record rather than an independent substantive application.",delta_420,Application identity/number/description + source metadata.,
Croydon-23_01287_FUL,EXCLUDE,"The C3 component is delivered through demolition/redevelopment/new construction, and the description does not establish a retained existing commercial→C3 conversion component.",delta_420,Description-led validation + application identity/source metadata.,
Croydon-23_02049_ENV,EXCLUDE,EIA screening/scoping opinion only; not the substantive planning application.,delta_420,Application identity/number/description + source metadata.,
Croydon-23_02689_FUL,EXCLUDE,"The C3 component is delivered through demolition/redevelopment/new construction, and the description does not establish a retained existing commercial→C3 conversion component.",delta_420,Description-led validation + application identity/source metadata.,
Croydon-23_03387_FUL,EXCLUDE,"The C3 component is delivered through demolition/redevelopment/new construction, and the description does not establish a retained existing commercial→C3 conversion component.",delta_420,Description-led validation + application identity/source metadata.,
Croydon-23_04520_FUL,EXCLUDE,"The C3 component is delivered through demolition/redevelopment/new construction, and the description does not establish a retained existing commercial→C3 conversion component.",delta_420,Description-led validation + application identity/source metadata.,
Croydon-23_04529_AUT,EXCLUDE,"Application identity/metadata shows a consultation, companion or other non-substantive/follow-up record rather than an independent substantive application.",delta_420,Application identity/number/description + source metadata.,
Ealing-215125FUL,EXCLUDE,"The C3 component is delivered through demolition/redevelopment/new construction, and the description does not establish a retained existing commercial→C3 conversion component.",delta_420,Description-led validation + application identity/source metadata.,https://pam.ealing.gov.uk/online-applications/PLAN/215125FUL;
Ealing-217079FUL,EXCLUDE,"The C3 component is delivered through demolition/redevelopment/new construction, and the description does not establish a retained existing commercial→C3 conversion component.",delta_420,Description-led validation + application identity/source metadata.,https://pam.ealing.gov.uk/online-applications/PLAN/217079FUL;
Ealing-220151CONS,EXCLUDE,"Application identity/metadata shows a consultation, companion or other non-substantive/follow-up record rather than an independent substantive application.",delta_420,Application identity/number/description + source metadata.,https://pam.ealing.gov.uk/online-applications/PLAN/220151CONS;
Ealing-221597CONS,EXCLUDE,"Neighbour/other-authority consultation, notification or formal-observations record; not the determining authority's substantive application.",delta_420,Application identity/number/description + source metadata.,https://pam.ealing.gov.uk/online-applications/PLAN/221597CONS;
Ealing-221600CONS,EXCLUDE,"Neighbour/other-authority consultation, notification or formal-observations record; not the determining authority's substantive application.",delta_420,Application identity/number/description + source metadata.,https://pam.ealing.gov.uk/online-applications/PLAN/221600CONS;
Ealing-221602CONS,EXCLUDE,"Neighbour/other-authority consultation, notification or formal-observations record; not the determining authority's substantive application.",delta_420,Application identity/number/description + source metadata.,https://pam.ealing.gov.uk/online-applications/PLAN/221602CONS;
Ealing-222810CONS,EXCLUDE,"Neighbour/other-authority consultation, notification or formal-observations record; not the determining authority's substantive application.",delta_420,Application identity/number/description + source metadata.,https://pam.ealing.gov.uk/online-applications/PLAN/222810CONS;
Ealing-224272FUL,EXCLUDE,"The C3 component is delivered through demolition/redevelopment/new construction, and the description does not establish a retained existing commercial→C3 conversion component.",delta_420,Description-led validation + application identity/source metadata.,
Ealing-224322FUL,EXCLUDE,"The C3 component is delivered through demolition/redevelopment/new construction, and the description does not establish a retained existing commercial→C3 conversion component.",delta_420,Description-led validation + application identity/source metadata.,https://pam.ealing.gov.uk/online-applications/PLAN/224322FUL;
Ealing-225382FUL,EXCLUDE,The commercial unit remains commercial and the residential works concern existing/extended residential accommodation; no commercial→C3 conversion is identified.,delta_420,Description-led validation + application identity/source metadata.,https://pam.ealing.gov.uk/online-applications/PLAN/225382FUL;
Ealing-230509FUL,EXCLUDE,"The C3 component is delivered through demolition/redevelopment/new construction, and the description does not establish a retained existing commercial→C3 conversion component.",delta_420,Description-led validation + application identity/source metadata.,https://pam.ealing.gov.uk/online-applications/PLAN/230509FUL;
Ealing-230882FUL,EXCLUDE,"The C3 component is delivered through demolition/redevelopment/new construction, and the description does not establish a retained existing commercial→C3 conversion component.",delta_420,Description-led validation + application identity/source metadata.,https://pam.ealing.gov.uk/online-applications/PLAN/230882FUL;
Ealing-231144OPDCOB,EXCLUDE,"Application identity/metadata shows a consultation, companion or other non-substantive/follow-up record rather than an independent substantive application.",delta_420,Application identity/number/description + source metadata.,https://pam.ealing.gov.uk/online-applications/PLAN/231144OPDCOB;
Ealing-231261SCO,EXCLUDE,EIA screening/scoping opinion only; not the substantive planning application.,delta_420,Application identity/number/description + source metadata.,https://pam.ealing.gov.uk/online-applications/PLAN/231261SCO;
Ealing-231833FUL,EXCLUDE,The C3 component is created through extension/additional/new floorspace or residential reconfiguration; the description does not establish existing commercial floorspace being converted to C3.,delta_420,Description-led validation + application identity/source metadata.,
Ealing-231948FUL,EXCLUDE,The commercial use is retained while the residential component is reconfigured/extended; no existing commercial floorspace becomes C3.,delta_420,Description-led validation + application identity/source metadata.,
Ealing-232917FUL,EXCLUDE,The proposed C3 component is created through new extension/additional floorspace rather than conversion of retained existing commercial floorspace.,delta_420,Description-led validation + application identity/source metadata.,
Ealing-234109FUL,EXCLUDE,The flats are supplied by extension/new floorspace; the description does not identify retained existing commercial floorspace being changed to C3.,delta_420,Description-led validation + application identity/source metadata.,
Ealing-240012FUL,EXCLUDE,"The C3 component is delivered through demolition/redevelopment/new construction, and the description does not establish a retained existing commercial→C3 conversion component.",delta_420,Description-led validation + application identity/source metadata.,
Ealing-240494FUL,EXCLUDE,"The C3 component is delivered through demolition/redevelopment/new construction, and the description does not establish a retained existing commercial→C3 conversion component.",delta_420,Description-led validation + application identity/source metadata.,
Enfield-21_04742_FUL,EXCLUDE,"Commercial and C3 uses may both appear in the scheme, but the description does not contain a qualifying retained existing commercial→C3 conversion; the residential component is new/reprovided/reconfigured rather than converted commercial floorspace.",delta_420,Description-led validation + application identity/source metadata.,
Enfield-22_01267_FUL,EXCLUDE,"The C3 component is delivered through demolition/redevelopment/new construction, and the description does not establish a retained existing commercial→C3 conversion component.",delta_420,Description-led validation + application identity/source metadata.,
Enfield-22_03939_OA,EXCLUDE,"Commercial and C3 uses may both appear in the scheme, but the description does not contain a qualifying retained existing commercial→C3 conversion; the residential component is new/reprovided/reconfigured rather than converted commercial floorspace.",delta_420,Description-led validation + application identity/source metadata.,
Enfield-23_04027_FUL,EXCLUDE,The C3 component is created through extension/additional/new floorspace or residential reconfiguration; the description does not establish existing commercial floorspace being converted to C3.,delta_420,Description-led validation + application identity/source metadata.,
Greenwich-21_3231_F,EXCLUDE,"The C3 component is delivered through demolition/redevelopment/new construction, and the description does not establish a retained existing commercial→C3 conversion component.",delta_420,Description-led validation + application identity/source metadata.,https://planning.royalgreenwich.gov.uk/online-applications/applicationDetails.do?activeTab=summary&keyVal=_GRNW_DCAPR_108754&activeTab=summary
Greenwich-21_4329_F,EXCLUDE,"The C3 component is delivered through demolition/redevelopment/new construction, and the description does not establish a retained existing commercial→C3 conversion component.",delta_420,Description-led validation + application identity/source metadata.,https://planning.royalgreenwich.gov.uk/online-applications/applicationDetails.do?activeTab=summary&keyVal=_GRNW_DCAPR_109855&activeTab=summary
Greenwich-22_0642_F,EXCLUDE,"The C3 component is delivered through demolition/redevelopment/new construction, and the description does not establish a retained existing commercial→C3 conversion component.",delta_420,Description-led validation + application identity/source metadata.,https://planning.royalgreenwich.gov.uk/online-applications/applicationDetails.do?activeTab=summary&keyVal=_GRNW_DCAPR_110758&activeTab=summary
Greenwich-22_1017_F,EXCLUDE,"The C3 component is delivered through demolition/redevelopment/new construction, and the description does not establish a retained existing commercial→C3 conversion component.",delta_420,Description-led validation + application identity/source metadata.,https://planning.royalgreenwich.gov.uk/online-applications/applicationDetails.do?activeTab=summary&keyVal=_GRNW_DCAPR_111136&activeTab=summary
Greenwich-23_1507_F,EXCLUDE,"The C3 component is delivered through demolition/redevelopment/new construction, and the description does not establish a retained existing commercial→C3 conversion component.",delta_420,Description-led validation + application identity/source metadata.,https://planning.royalgreenwich.gov.uk/online-applications/applicationDetails.do?activeTab=summary&keyVal=_GRNW_DCAPR_115964&activeTab=summary
Greenwich-23_1603_F,EXCLUDE,"The C3 component is delivered through demolition/redevelopment/new construction, and the description does not establish a retained existing commercial→C3 conversion component.",delta_420,Description-led validation + application identity/source metadata.,https://planning.royalgreenwich.gov.uk/online-applications/applicationDetails.do?activeTab=summary&keyVal=_GRNW_DCAPR_116060&activeTab=summary
Hackney-2021_3175,EXCLUDE,"The C3 component is delivered through demolition/redevelopment/new construction, and the description does not establish a retained existing commercial→C3 conversion component.",delta_420,Description-led validation + application identity/source metadata.,/planning/index.html?fa=getApplication&id=71775
Hackney-2023_0331,EXCLUDE,"Neighbour/other-authority consultation, notification or formal-observations record; not the determining authority's substantive application.",delta_420,Application identity/number/description + source metadata.,/planning/index.html?fa=getApplication&id=75518
Hackney-2023_1729,EXCLUDE,"Neighbour/other-authority consultation, notification or formal-observations record; not the determining authority's substantive application.",delta_420,Application identity/number/description + source metadata.,
Hammersmith_&_Fulham-2021_03881_FUL,EXCLUDE,Existing commercial floorspace is demolished/replaced to create the residential element rather than converted in the retained building.,delta_420,Description-led validation + application identity/source metadata.,
Hammersmith_&_Fulham-2021_03898_FUL,EXCLUDE,"The C3 component is delivered through demolition/redevelopment/new construction, and the description does not establish a retained existing commercial→C3 conversion component.",delta_420,Description-led validation + application identity/source metadata.,
Hammersmith_&_Fulham-2021_04049_FUL,EXCLUDE,"The C3 component is delivered through demolition/redevelopment/new construction, and the description does not establish a retained existing commercial→C3 conversion component.",delta_420,Description-led validation + application identity/source metadata.,
Hammersmith_&_Fulham-2022_00095_OPDOBS,EXCLUDE,"Application identity/metadata shows a consultation, companion or other non-substantive/follow-up record rather than an independent substantive application.",delta_420,Application identity/number/description + source metadata.,
Hammersmith_&_Fulham-2022_01107_OPDOBS,EXCLUDE,"Application identity/metadata shows a consultation, companion or other non-substantive/follow-up record rather than an independent substantive application.",delta_420,Application identity/number/description + source metadata.,
Hammersmith_&_Fulham-2022_01519_FUL,EXCLUDE,"The C3 component is delivered through demolition/redevelopment/new construction, and the description does not establish a retained existing commercial→C3 conversion component.",delta_420,Description-led validation + application identity/source metadata.,
Hammersmith_&_Fulham-2022_01523_OBS,EXCLUDE,"Application identity/metadata shows a consultation, companion or other non-substantive/follow-up record rather than an independent substantive application.",delta_420,Application identity/number/description + source metadata.,
Hammersmith_&_Fulham-2022_01859_FUL,EXCLUDE,"The C3 component is delivered through demolition/redevelopment/new construction, and the description does not establish a retained existing commercial→C3 conversion component.",delta_420,Description-led validation + application identity/source metadata.,
Hammersmith_&_Fulham-2022_02116_FUL,EXCLUDE,"The C3 component is delivered through demolition/redevelopment/new construction, and the description does not establish a retained existing commercial→C3 conversion component.",delta_420,Description-led validation + application identity/source metadata.,
Hammersmith_&_Fulham-2022_03040_OPDOBS,EXCLUDE,"Application identity/metadata shows a consultation, companion or other non-substantive/follow-up record rather than an independent substantive application.",delta_420,Application identity/number/description + source metadata.,
Hammersmith_&_Fulham-2022_03523_FUL,EXCLUDE,"Commercial and C3 uses may both appear in the scheme, but the description does not contain a qualifying retained existing commercial→C3 conversion; the residential component is new/reprovided/reconfigured rather than converted commercial floorspace.",delta_420,Description-led validation + application identity/source metadata.,
Hammersmith_&_Fulham-2022_03651_FUL,EXCLUDE,"The C3 component is delivered through demolition/redevelopment/new construction, and the description does not establish a retained existing commercial→C3 conversion component.",delta_420,Description-led validation + application identity/source metadata.,
Hammersmith_&_Fulham-2023_00430_OBS,EXCLUDE,"Application identity/metadata shows a consultation, companion or other non-substantive/follow-up record rather than an independent substantive application.",delta_420,Application identity/number/description + source metadata.,
Hammersmith_&_Fulham-2023_00747_OPDOBS,EXCLUDE,"Application identity/metadata shows a consultation, companion or other non-substantive/follow-up record rather than an independent substantive application.",delta_420,Application identity/number/description + source metadata.,
Hammersmith_&_Fulham-2023_00748_OBS,EXCLUDE,"Application identity/metadata shows a consultation, companion or other non-substantive/follow-up record rather than an independent substantive application.",delta_420,Application identity/number/description + source metadata.,
Hammersmith_&_Fulham-2023_01194_FUL,EXCLUDE,"Commercial and C3 uses may both appear in the scheme, but the description does not contain a qualifying retained existing commercial→C3 conversion; the residential component is new/reprovided/reconfigured rather than converted commercial floorspace.",delta_420,Description-led validation + application identity/source metadata.,
Hammersmith_&_Fulham-2023_03051_FR3,EXCLUDE,"The C3 component is delivered through demolition/redevelopment/new construction, and the description does not establish a retained existing commercial→C3 conversion component.",delta_420,Description-led validation + application identity/source metadata.,
Hammersmith_&_Fulham-2023_03082_OPDOBS,EXCLUDE,"Application identity/metadata shows a consultation, companion or other non-substantive/follow-up record rather than an independent substantive application.",delta_420,Application identity/number/description + source metadata.,
Hammersmith_&_Fulham-2024_00039_FUL,EXCLUDE,"The C3 component is delivered through demolition/redevelopment/new construction, and the description does not establish a retained existing commercial→C3 conversion component.",delta_420,Description-led validation + application identity/source metadata.,
Haringey-HGY_2021_3175,EXCLUDE,"The C3 component is delivered through demolition/redevelopment/new construction, and the description does not establish a retained existing commercial→C3 conversion component.",delta_420,Description-led validation + application identity/source metadata.,https://londonboroughofharingey.force.com/pr/s/planning-application/a0i8d000002GCavAAG
Haringey-HGY_2022_0022,EXCLUDE,"Neighbour/other-authority consultation, notification or formal-observations record; not the determining authority's substantive application.",delta_420,Application identity/number/description + source metadata.,
Haringey-HGY_2022_1479,EXCLUDE,"Neighbour/other-authority consultation, notification or formal-observations record; not the determining authority's substantive application.",delta_420,Application identity/number/description + source metadata.,
Haringey-HGY_2022_1661,EXCLUDE,"Neighbour/other-authority consultation, notification or formal-observations record; not the determining authority's substantive application.",delta_420,Application identity/number/description + source metadata.,
Haringey-HGY_2022_4310,EXCLUDE,This is a redevelopment/new-building scheme; the description does not establish retained existing commercial floorspace being converted to C3.,delta_420,Description-led validation + application identity/source metadata.,https://londonboroughofharingey.force.com/pr/s/planning-application/a0i8d000002GQziAAG
Haringey-HGY_2023_0570,UNRESOLVED,"The scheme contains employment Class E and C3 residential development, but available council description does not map the C3 units to converted retained commercial floorspace rather than redevelopment/new build.",delta_420,Description + application metadata + targeted council/official-record cross-check.,https://londonboroughofharingey.force.com/pr/s/planning-application/a0i8d000002H1FPAA0
Harrow-P_4477_21,EXCLUDE,"Commercial and C3 uses may both appear in the scheme, but the description does not contain a qualifying retained existing commercial→C3 conversion; the residential component is new/reprovided/reconfigured rather than converted commercial floorspace.",delta_420,Description-led validation + application identity/source metadata.,http://site.com?appref=P/4477/21-or-1164321
Havering-P2072.22,EXCLUDE,"The C3 component is delivered through demolition/redevelopment/new construction, and the description does not establish a retained existing commercial→C3 conversion component.",delta_420,Description-led validation + application identity/source metadata.,http://development.havering.gov.uk/OcellaWeb/planningDetails?reference=P2072.22
Havering-P2190.21,EXCLUDE,"The C3 component is delivered through demolition/redevelopment/new construction, and the description does not establish a retained existing commercial→C3 conversion component.",delta_420,Description-led validation + application identity/source metadata.,http://development.havering.gov.uk/OcellaWeb/planningDetails?reference=P2190.21
Hillingdon-2370_APP_2023_1727,EXCLUDE,"The C3 component is delivered through demolition/redevelopment/new construction, and the description does not establish a retained existing commercial→C3 conversion component.",delta_420,Description-led validation + application identity/source metadata.,http://planning.hillingdon.gov.uk/OcellaWeb/planningDetails?reference=2370/APP/2023/1727
Hillingdon-24843_APP_2022_2403,EXCLUDE,"Commercial and C3 uses may both appear in the scheme, but the description does not contain a qualifying retained existing commercial→C3 conversion; the residential component is new/reprovided/reconfigured rather than converted commercial floorspace.",delta_420,Description-led validation + application identity/source metadata.,http://planning.hillingdon.gov.uk/OcellaWeb/planningDetails?reference=24843/APP/2022/2403
Hillingdon-4058_APP_2022_1788,EXCLUDE,"The C3 component is delivered through demolition/redevelopment/new construction, and the description does not establish a retained existing commercial→C3 conversion component.",delta_420,Description-led validation + application identity/source metadata.,http://planning.hillingdon.gov.uk/OcellaWeb/planningDetails?reference=4058/APP/2022/1788
Hillingdon-75251_APP_2021_4446,EXCLUDE,"The existing Class E nursery is refurbished/reprovided, while the C3 units are in a new residential building; no existing commercial→C3 conversion.",delta_420,Description-led validation + application identity/source metadata.,http://planning.hillingdon.gov.uk/OcellaWeb/planningDetails?reference=75251/APP/2021/4446
Hillingdon-77214_APP_2022_3382,EXCLUDE,"The C3 component is delivered through demolition/redevelopment/new construction, and the description does not establish a retained existing commercial→C3 conversion component.",delta_420,Description-led validation + application identity/source metadata.,http://planning.hillingdon.gov.uk/OcellaWeb/planningDetails?reference=77214/APP/2022/3382
Hounslow-C_2021_3254,EXCLUDE,"Application identity/metadata shows a consultation, companion or other non-substantive/follow-up record rather than an independent substantive application.",delta_420,Application identity/number/description + source metadata.,https://planningandbuilding.hounslow.gov.uk/NECSWS/ES/Presentation/Planning/OnlinePlanning/OnlinePlanningOverview?applicationNumber=C/2021/3254
Hounslow-C_2022_2060,EXCLUDE,"Application identity/metadata shows a consultation, companion or other non-substantive/follow-up record rather than an independent substantive application.",delta_420,Application identity/number/description + source metadata.,https://planningandbuilding.hounslow.gov.uk/NECSWS/ES/Presentation/Planning/OnlinePlanning/OnlinePlanningOverview?applicationNumber=C/2022/2060
Hounslow-C_2022_3751,EXCLUDE,"Application identity/metadata shows a consultation, companion or other non-substantive/follow-up record rather than an independent substantive application.",delta_420,Application identity/number/description + source metadata.,https://planningandbuilding.hounslow.gov.uk/NECSWS/ES/Presentation/Planning/OnlinePlanning/OnlinePlanningOverview?applicationNumber=C/2022/3751
Hounslow-P_2022_1090,EXCLUDE,"Commercial and C3 uses may both appear in the scheme, but the description does not contain a qualifying retained existing commercial→C3 conversion; the residential component is new/reprovided/reconfigured rather than converted commercial floorspace.",delta_420,Description-led validation + application identity/source metadata.,https://planningandbuilding.hounslow.gov.uk/NECSWS/ES/Presentation/Planning/OnlinePlanning/OnlinePlanningOverview?applicationNumber=P/2022/1090
Hounslow-P_2022_1899,EXCLUDE,"The C3 component is delivered through demolition/redevelopment/new construction, and the description does not establish a retained existing commercial→C3 conversion component.",delta_420,Description-led validation + application identity/source metadata.,
Hounslow-P_2023_2376,EXCLUDE,"The C3 component is delivered through demolition/redevelopment/new construction, and the description does not establish a retained existing commercial→C3 conversion component.",delta_420,Description-led validation + application identity/source metadata.,https://planningandbuilding.hounslow.gov.uk/NECSWS/ES/Presentation/Planning/OnlinePlanning/OnlinePlanningOverview?applicationNumber=P/2023/2376
Hounslow-P_2023_2763,EXCLUDE,"Commercial and C3 uses may both appear in the scheme, but the description does not contain a qualifying retained existing commercial→C3 conversion; the residential component is new/reprovided/reconfigured rather than converted commercial floorspace.",delta_420,Description-led validation + application identity/source metadata.,https://planningandbuilding.hounslow.gov.uk/NECSWS/ES/Presentation/Planning/OnlinePlanning/OnlinePlanningOverview?applicationNumber=P/2023/2763
Hounslow-P_2023_3208,EXCLUDE,"The C3 component is delivered through demolition/redevelopment/new construction, and the description does not establish a retained existing commercial→C3 conversion component.",delta_420,Description-led validation + application identity/source metadata.,https://planningandbuilding.hounslow.gov.uk/NECSWS/ES/Presentation/Planning/OnlinePlanning/OnlinePlanningOverview?applicationNumber=P/2023/3208
Hounslow-PPA_2021_1476,EXCLUDE,"The C3 component is delivered through demolition/redevelopment/new construction, and the description does not establish a retained existing commercial→C3 conversion component.",delta_420,Description-led validation + application identity/source metadata.,
Hounslow-SC_2022_1517,EXCLUDE,EIA screening/scoping opinion only; not the substantive planning application.,delta_420,Application identity/number/description + source metadata.,https://planningandbuilding.hounslow.gov.uk/NECSWS/ES/Presentation/Planning/OnlinePlanning/OnlinePlanningOverview?applicationNumber=SC/2022/1517
Hounslow-SRN_2023_3568,EXCLUDE,EIA screening/scoping opinion only; not the substantive planning application.,delta_420,Application identity/number/description + source metadata.,https://planningandbuilding.hounslow.gov.uk/NECSWS/ES/Presentation/Planning/OnlinePlanning/OnlinePlanningOverview?applicationNumber=SRN/2023/3568
Islington-P2021_1973_FUL,UNRESOLVED,"Existing employment use and four C3 units are both present in a part-refurbished/part-new-build scheme, but the description does not show whether the C3 units occupy converted existing employment floorspace.",delta_420,Description-led validation + application identity/source metadata.,
Islington-P2021_2371_FUL,EXCLUDE,The lower Class E floors are refurbished/retained and the C3 units arise from roof/upper additions; Rule 4 is not met.,delta_420,Description-led validation + application identity/source metadata.,
Islington-P2021_3029_FUL,EXCLUDE,"The C3 component is delivered through demolition/redevelopment/new construction, and the description does not establish a retained existing commercial→C3 conversion component.",delta_420,Description-led validation + application identity/source metadata.,http://site.com/?appref=P2021/3029/FUL-or-509329
Islington-P2021_3133_FUL,EXCLUDE,"Works concern an already mixed Class E/C3 building, but no transfer of existing commercial floorspace into C3 is identified.",delta_420,Description-led validation + application identity/source metadata.,
Islington-P2021_3263_EIA,EXCLUDE,EIA screening/scoping opinion only; not the substantive planning application.,delta_420,Application identity/number/description + source metadata.,
Islington-P2021_3273_FUL,EXCLUDE,"The C3 component is delivered through demolition/redevelopment/new construction, and the description does not establish a retained existing commercial→C3 conversion component.",delta_420,Description-led validation + application identity/source metadata.,
Islington-P2021_3287_OBS,EXCLUDE,"Application identity/metadata shows a consultation, companion or other non-substantive/follow-up record rather than an independent substantive application.",delta_420,Application identity/number/description + source metadata.,
Islington-P2022_0619_OBS,EXCLUDE,"Neighbour/other-authority consultation, notification or formal-observations record; not the determining authority's substantive application.",delta_420,Application identity/number/description + source metadata.,
Islington-P2022_3473_OBS,EXCLUDE,"Neighbour/other-authority consultation, notification or formal-observations record; not the determining authority's substantive application.",delta_420,Application identity/number/description + source metadata.,
Islington-P2023_1349_FUL,EXCLUDE,"The C3 component is delivered through demolition/redevelopment/new construction, and the description does not establish a retained existing commercial→C3 conversion component.",delta_420,Description-led validation + application identity/source metadata.,
Islington-Q2023_2669_DRP,EXCLUDE,"The C3 component is delivered through demolition/redevelopment/new construction, and the description does not establish a retained existing commercial→C3 conversion component.",delta_420,Description-led validation + application identity/source metadata.,
Islington-Q2024_0503_DRP,EXCLUDE,"The C3 component is delivered through demolition/redevelopment/new construction, and the description does not establish a retained existing commercial→C3 conversion component.",delta_420,Description-led validation + application identity/source metadata.,
Kensington_&_Chelsea-OB_22_03317,EXCLUDE,"Neighbour/other-authority consultation, notification or formal-observations record; not the determining authority's substantive application.",delta_420,Application identity/number/description + source metadata.,
Kensington_&_Chelsea-OB_23_00413,EXCLUDE,"Neighbour/other-authority consultation, notification or formal-observations record; not the determining authority's substantive application.",delta_420,Application identity/number/description + source metadata.,
Kensington_&_Chelsea-OB_23_04191,EXCLUDE,"Neighbour/other-authority consultation, notification or formal-observations record; not the determining authority's substantive application.",delta_420,Application identity/number/description + source metadata.,
Kensington_&_Chelsea-OB_23_07637,EXCLUDE,"Neighbour/other-authority consultation, notification or formal-observations record; not the determining authority's substantive application.",delta_420,Application identity/number/description + source metadata.,
Kensington_&_Chelsea-PP_21_07028,EXCLUDE,"The C3 component is delivered through demolition/redevelopment/new construction, and the description does not establish a retained existing commercial→C3 conversion component.",delta_420,Description-led validation + application identity/source metadata.,
Kensington_&_Chelsea-PP_21_07030,EXCLUDE,"The C3 component is delivered through demolition/redevelopment/new construction, and the description does not establish a retained existing commercial→C3 conversion component.",delta_420,Description-led validation + application identity/source metadata.,
Kensington_&_Chelsea-PP_22_07709,EXCLUDE,"The C3 component is delivered through demolition/redevelopment/new construction, and the description does not establish a retained existing commercial→C3 conversion component.",delta_420,Description-led validation + application identity/source metadata.,
Kensington_&_Chelsea-PP_23_00778,EXCLUDE,"The C3 component is delivered through demolition/redevelopment/new construction, and the description does not establish a retained existing commercial→C3 conversion component.",delta_420,Description-led validation + application identity/source metadata.,
Kensington_&_Chelsea-PP_23_03534,EXCLUDE,"The C3 component is delivered through demolition/redevelopment/new construction, and the description does not establish a retained existing commercial→C3 conversion component.",delta_420,Description-led validation + application identity/source metadata.,
Kingston-21_03726_FUL,EXCLUDE,"The C3 component is delivered through demolition/redevelopment/new construction, and the description does not establish a retained existing commercial→C3 conversion component.",delta_420,Description-led validation + application identity/source metadata.,https://publicaccess.kingston.gov.uk/online-applications/applicationDetails.do?activeTab=summary&keyVal=R30MDBNHG0400
Kingston-21_03939_FUL,INCLUDE,Researcher re-check retained INCLUDE: available evidence supports existing employment/office floorspace being converted to C3.,delta_420,Description-led validation + application identity/source metadata.,https://publicaccess.kingston.gov.uk/online-applications/applicationDetails.do?activeTab=summary&keyVal=R3V8C6NH04300
Kingston-22_00864_FUL,EXCLUDE,"The C3 component is delivered through demolition/redevelopment/new construction, and the description does not establish a retained existing commercial→C3 conversion component.",delta_420,Description-led validation + application identity/source metadata.,https://publicaccess.kingston.gov.uk/online-applications/applicationDetails.do?activeTab=summary&keyVal=R8SNALNHHVA00
Kingston-22_01359_FUL,EXCLUDE,"The C3 component is delivered through demolition/redevelopment/new construction, and the description does not establish a retained existing commercial→C3 conversion component.",delta_420,Description-led validation + application identity/source metadata.,https://publicaccess.kingston.gov.uk/online-applications/applicationDetails.do?activeTab=summary&keyVal=RAXZHGNH04300
Kingston-22_01582_FUL,EXCLUDE,"The C3 component is delivered through demolition/redevelopment/new construction, and the description does not establish a retained existing commercial→C3 conversion component.",delta_420,Description-led validation + application identity/source metadata.,https://publicaccess.kingston.gov.uk/online-applications/applicationDetails.do?activeTab=summary&keyVal=RBRFNDNH05400
Kingston-22_01923_FUL,EXCLUDE,"The C3 component is delivered through demolition/redevelopment/new construction, and the description does not establish a retained existing commercial→C3 conversion component.",delta_420,Description-led validation + application identity/source metadata.,https://publicaccess.kingston.gov.uk/online-applications/applicationDetails.do?activeTab=summary&keyVal=RD9OI8NHJ2Z00
Kingston-23_01865_FUL,EXCLUDE,"The C3 component is delivered through demolition/redevelopment/new construction, and the description does not establish a retained existing commercial→C3 conversion component.",delta_420,Description-led validation + application identity/source metadata.,https://publicaccess.kingston.gov.uk/online-applications/applicationDetails.do?activeTab=summary&keyVal=RXKRD2NH00H00
Kingston-23_02175_FUL,EXCLUDE,"The C3 component is delivered through demolition/redevelopment/new construction, and the description does not establish a retained existing commercial→C3 conversion component.",delta_420,Description-led validation + application identity/source metadata.,https://publicaccess.kingston.gov.uk/online-applications/applicationDetails.do?activeTab=summary&keyVal=RZ2VCWNHHR800
Kingston-23_02224_FUL,EXCLUDE,The C3 units are created in newly added upper floors while the ground-floor Class E use remains; no existing commercial→C3 conversion.,delta_420,Description-led validation + application identity/source metadata.,https://publicaccess.kingston.gov.uk/online-applications/applicationDetails.do?activeTab=summary&keyVal=RZ8F5DNHHUX00
Kingston-23_02460_DOV,EXCLUDE,S106/legal-agreement variation or follow-up; not the substantive application.,delta_420,Application identity/number/description + source metadata.,https://publicaccess.kingston.gov.uk/online-applications/applicationDetails.do?activeTab=summary&keyVal=S0O3YYNH05K00
Kingston-23_03192_FUL,EXCLUDE,"The residential unit is created through extension/new floorspace above/behind the retained commercial use, not by conversion of existing commercial floorspace.",delta_420,Description-led validation + application identity/source metadata.,https://publicaccess.kingston.gov.uk/online-applications/applicationDetails.do?activeTab=summary&keyVal=S4FLXZNHK0C00
LLDC-21_00395_FUL,EXCLUDE,"The C3 component is delivered through demolition/redevelopment/new construction, and the description does not establish a retained existing commercial→C3 conversion component.",delta_420,Description-led validation + application identity/source metadata.,
LLDC-21_00403_OUT,EXCLUDE,"The C3 component is delivered through demolition/redevelopment/new construction, and the description does not establish a retained existing commercial→C3 conversion component.",delta_420,Description-led validation + application identity/source metadata.,
LLDC-21_00460_FUL,EXCLUDE,"The C3 component is delivered through demolition/redevelopment/new construction, and the description does not establish a retained existing commercial→C3 conversion component.",delta_420,Description-led validation + application identity/source metadata.,
LLDC-21_00543_FUL,EXCLUDE,"The relevant origin/current floorspace is already residential (often explicitly 'continued residential') or is merely reconfigured; Class E is retained/alternative, so there is no existing commercial→C3 conversion.",delta_420,Description-led validation + application identity/source metadata.,
LLDC-21_00574_OUT,EXCLUDE,"Commercial and C3 uses may both appear in the scheme, but the description does not contain a qualifying retained existing commercial→C3 conversion; the residential component is new/reprovided/reconfigured rather than converted commercial floorspace.",delta_420,Description-led validation + application identity/source metadata.,
LLDC-22_00384_FUL,EXCLUDE,"The C3 component is delivered through demolition/redevelopment/new construction, and the description does not establish a retained existing commercial→C3 conversion component.",delta_420,Description-led validation + application identity/source metadata.,
LLDC-23_00248_FUL,EXCLUDE,"The C3 component is delivered through demolition/redevelopment/new construction, and the description does not establish a retained existing commercial→C3 conversion component.",delta_420,Description-led validation + application identity/source metadata.,
Lambeth-21_02951_FUL,EXCLUDE,Existing commercial floorspace is demolished/redeveloped and new C3/commercial floorspace is constructed; this is not retained-building conversion.,delta_420,Description-led validation + application identity/source metadata.,
Lambeth-21_03956_FUL,EXCLUDE,Additional C3 accommodation is produced by extensions/additions while the existing retail use remains; no commercial→C3 conversion.,delta_420,Description-led validation + application identity/source metadata.,
Lambeth-21_04459_FUL,EXCLUDE,"The C3 component is delivered through demolition/redevelopment/new construction, and the description does not establish a retained existing commercial→C3 conversion component.",delta_420,Description-led validation + application identity/source metadata.,
Lambeth-22_00495_P3MA,INCLUDE,"All four rules are satisfied: a substantive application identifies existing commercial/service floorspace being changed to ordinary C3 residential use. Extensions/new-build elements, where present, are additional to rather than a substitute for the qualifying conversion.",delta_420,Description-led validation + application identity/source metadata.,
Lambeth-22_02797_OBS,EXCLUDE,"Application identity/metadata shows a consultation, companion or other non-substantive/follow-up record rather than an independent substantive application.",delta_420,Application identity/number/description + source metadata.,
Lambeth-22_03361_FUL,EXCLUDE,"The C3 component is delivered through demolition/redevelopment/new construction, and the description does not establish a retained existing commercial→C3 conversion component.",delta_420,Description-led validation + application identity/source metadata.,
Lambeth-22_03843_FUL,EXCLUDE,"The C3 component is delivered through demolition/redevelopment/new construction, and the description does not establish a retained existing commercial→C3 conversion component.",delta_420,Description-led validation + application identity/source metadata.,
Lambeth-23_00936_FUL,EXCLUDE,"The C3 component is delivered through demolition/redevelopment/new construction, and the description does not establish a retained existing commercial→C3 conversion component.",delta_420,Description-led validation + application identity/source metadata.,
Lambeth-23_02091_FUL,EXCLUDE,"The C3 component is delivered through demolition/redevelopment/new construction, and the description does not establish a retained existing commercial→C3 conversion component.",delta_420,Description-led validation + application identity/source metadata.,
Lambeth-23_02944_FUL,EXCLUDE,"The C3 component is delivered through demolition/redevelopment/new construction, and the description does not establish a retained existing commercial→C3 conversion component.",delta_420,Description-led validation + application identity/source metadata.,
Lewisham-DC_22_125614,EXCLUDE,"The C3 component is delivered through demolition/redevelopment/new construction, and the description does not establish a retained existing commercial→C3 conversion component.",delta_420,Description-led validation + application identity/source metadata.,https://planning.lewisham.gov.uk/online-applications/applicationDetails.do?keyVal=_LEWIS_DCAPR_113536&activeTab=summary
Lewisham-DC_22_127867,EXCLUDE,"The C3 component is delivered through demolition/redevelopment/new construction, and the description does not establish a retained existing commercial→C3 conversion component.",delta_420,Description-led validation + application identity/source metadata.,https://planning.lewisham.gov.uk/online-applications/applicationDetails.do?keyVal=_LEWIS_DCAPR_115789&activeTab=summary
Lewisham-DC_23_129814,EXCLUDE,"The C3 component is delivered through demolition/redevelopment/new construction, and the description does not establish a retained existing commercial→C3 conversion component.",delta_420,Description-led validation + application identity/source metadata.,https://planning.lewisham.gov.uk/online-applications/applicationDetails.do?keyVal=_LEWIS_DCAPR_117736&activeTab=summary
Lewisham-DC_23_132355,EXCLUDE,"The C3 component is delivered through demolition/redevelopment/new construction, and the description does not establish a retained existing commercial→C3 conversion component.",delta_420,Description-led validation + application identity/source metadata.,https://planning.lewisham.gov.uk/online-applications/applicationDetails.do?keyVal=_LEWIS_DCAPR_120278&activeTab=summary
Lewisham-DC_23_132565,EXCLUDE,"The C3 component is delivered through demolition/redevelopment/new construction, and the description does not establish a retained existing commercial→C3 conversion component.",delta_420,Description-led validation + application identity/source metadata.,https://planning.lewisham.gov.uk/online-applications/applicationDetails.do?keyVal=_LEWIS_DCAPR_120488&activeTab=summary
Lewisham-DC_23_133854,EXCLUDE,"The C3 component is delivered through demolition/redevelopment/new construction, and the description does not establish a retained existing commercial→C3 conversion component.",delta_420,Description-led validation + application identity/source metadata.,https://planning.lewisham.gov.uk/online-applications/applicationDetails.do?keyVal=_LEWIS_DCAPR_121777&activeTab=summary
Lewisham-DC_24_134747,EXCLUDE,"The C3 component is delivered through demolition/redevelopment/new construction, and the description does not establish a retained existing commercial→C3 conversion component.",delta_420,Description-led validation + application identity/source metadata.,https://planning.lewisham.gov.uk/online-applications/applicationDetails.do?keyVal=_LEWIS_DCAPR_122670&activeTab=summary
Merton-22_P0151,EXCLUDE,"The C3 component is delivered through demolition/redevelopment/new construction, and the description does not establish a retained existing commercial→C3 conversion component.",delta_420,Description-led validation + application identity/source metadata.,http://planning.merton.gov.uk/Northgate/PlanningExplorer/DisplayAppDetails.aspx?AppNo=22/P0151
Merton-22_P3361,EXCLUDE,"The C3 component is delivered through demolition/redevelopment/new construction, and the description does not establish a retained existing commercial→C3 conversion component.",delta_420,Description-led validation + application identity/source metadata.,http://planning.merton.gov.uk/Northgate/PlanningExplorer/DisplayAppDetails.aspx?AppNo=22/P3361
Merton-22_P3620,EXCLUDE,"The C3 component is delivered through demolition/redevelopment/new construction, and the description does not establish a retained existing commercial→C3 conversion component.",delta_420,Description-led validation + application identity/source metadata.,http://planning.merton.gov.uk/Northgate/PlanningExplorer/DisplayAppDetails.aspx?AppNo=22/P3620
Newham-21_00395_FUL_LLDC,EXCLUDE,"The C3 component is delivered through demolition/redevelopment/new construction, and the description does not establish a retained existing commercial→C3 conversion component.",delta_420,Description-led validation + application identity/source metadata.,
Newham-21_00403_OUT_LLDC,EXCLUDE,"The C3 component is delivered through demolition/redevelopment/new construction, and the description does not establish a retained existing commercial→C3 conversion component.",delta_420,Description-led validation + application identity/source metadata.,
Newham-21_00460_FUL_LLDC,EXCLUDE,"The C3 component is delivered through demolition/redevelopment/new construction, and the description does not establish a retained existing commercial→C3 conversion component.",delta_420,Description-led validation + application identity/source metadata.,
Newham-21_00543_FUL_LLDC,EXCLUDE,"The relevant origin/current floorspace is already residential (often explicitly 'continued residential') or is merely reconfigured; Class E is retained/alternative, so there is no existing commercial→C3 conversion.",delta_420,Description-led validation + application identity/source metadata.,
Newham-21_00574_OUT_LLDC,EXCLUDE,"Commercial and C3 uses may both appear in the scheme, but the description does not contain a qualifying retained existing commercial→C3 conversion; the residential component is new/reprovided/reconfigured rather than converted commercial floorspace.",delta_420,Description-led validation + application identity/source metadata.,
Newham-21_02613_FUL,EXCLUDE,The existing mixed-use building is demolished/rebuilt; the C3 component is replacement/new development rather than conversion of retained commercial floorspace.,delta_420,Description-led validation + application identity/source metadata.,
Newham-21_03194_OUT,EXCLUDE,"The C3 component is delivered through demolition/redevelopment/new construction, and the description does not establish a retained existing commercial→C3 conversion component.",delta_420,Description-led validation + application identity/source metadata.,
Newham-22_00384_FUL_LLDC,EXCLUDE,"The C3 component is delivered through demolition/redevelopment/new construction, and the description does not establish a retained existing commercial→C3 conversion component.",delta_420,Description-led validation + application identity/source metadata.,
Newham-22_01232_SCOPE,EXCLUDE,EIA screening/scoping opinion only; not the substantive planning application.,delta_420,Application identity/number/description + source metadata.,
Newham-22_01853_FUL,EXCLUDE,"The C3 component is delivered through demolition/redevelopment/new construction, and the description does not establish a retained existing commercial→C3 conversion component.",delta_420,Description-led validation + application identity/source metadata.,
Newham-23_00098_FUL,EXCLUDE,"The C3 component is delivered through demolition/redevelopment/new construction, and the description does not establish a retained existing commercial→C3 conversion component.",delta_420,Description-led validation + application identity/source metadata.,
Newham-23_00655_FUL,EXCLUDE,"The C3 component is delivered through demolition/redevelopment/new construction, and the description does not establish a retained existing commercial→C3 conversion component.",delta_420,Description-led validation + application identity/source metadata.,
OPDC-21_0214_FUMOPDC,EXCLUDE,"The C3 component is delivered through demolition/redevelopment/new construction, and the description does not establish a retained existing commercial→C3 conversion component.",delta_420,Description-led validation + application identity/source metadata.,
OPDC-22_0066_FUMOPDC,EXCLUDE,"The C3 component is delivered through demolition/redevelopment/new construction, and the description does not establish a retained existing commercial→C3 conversion component.",delta_420,Description-led validation + application identity/source metadata.,
OPDC-23_0026_FUMOPDC,EXCLUDE,"The C3 component is delivered through demolition/redevelopment/new construction, and the description does not establish a retained existing commercial→C3 conversion component.",delta_420,Description-led validation + application identity/source metadata.,
OPDC-23_0235_FUMOPDC,EXCLUDE,"The C3 component is delivered through demolition/redevelopment/new construction, and the description does not establish a retained existing commercial→C3 conversion component.",delta_420,Description-led validation + application identity/source metadata.,
Richmond-22_1782_CON,EXCLUDE,"Application identity/metadata shows a consultation, companion or other non-substantive/follow-up record rather than an independent substantive application.",delta_420,Application identity/number/description + source metadata.,
Richmond-22_2204_FUL,EXCLUDE,"The C3 component is delivered through demolition/redevelopment/new construction, and the description does not establish a retained existing commercial→C3 conversion component.",delta_420,Description-led validation + application identity/source metadata.,
Richmond-22_3165_FUL,EXCLUDE,"The C3 component is delivered through demolition/redevelopment/new construction, and the description does not establish a retained existing commercial→C3 conversion component.",delta_420,Description-led validation + application identity/source metadata.,
Richmond-23_2160_CON,EXCLUDE,"Application identity/metadata shows a consultation, companion or other non-substantive/follow-up record rather than an independent substantive application.",delta_420,Application identity/number/description + source metadata.,
Richmond-24_0161_FUL,INCLUDE,Existing Class E office/studio floorspace is explicitly changed to C3 residential/ancillary residential use.,delta_420,Description-led validation + application identity/source metadata.,
Richmond-24_0433_CON,EXCLUDE,"Application identity/metadata shows a consultation, companion or other non-substantive/follow-up record rather than an independent substantive application.",delta_420,Application identity/number/description + source metadata.,
Southwark-21_AP_3246,EXCLUDE,"The C3 component is delivered through demolition/redevelopment/new construction, and the description does not establish a retained existing commercial→C3 conversion component.",delta_420,Description-led validation + application identity/source metadata.,
Southwark-21_AP_3247,EXCLUDE,"The C3 component is delivered through demolition/redevelopment/new construction, and the description does not establish a retained existing commercial→C3 conversion component.",delta_420,Description-led validation + application identity/source metadata.,
Southwark-21_AP_4672,EXCLUDE,"The scheme combines demolition, roof/infill construction and mixed E/C3 uses, but does not establish a retained existing commercial→C3 conversion component.",delta_420,Description-led validation + application identity/source metadata.,
Southwark-21_AP_4714,EXCLUDE,"The C3 component is delivered through demolition/redevelopment/new construction, and the description does not establish a retained existing commercial→C3 conversion component.",delta_420,Description-led validation + application identity/source metadata.,
Southwark-21_OB_0068,EXCLUDE,"Application identity/metadata shows a consultation, companion or other non-substantive/follow-up record rather than an independent substantive application.",delta_420,Application identity/number/description + source metadata.,
Southwark-22_AP_0585,EXCLUDE,EIA screening/scoping opinion only; not the substantive planning application.,delta_420,Application identity/number/description + source metadata.,
Southwark-22_AP_1151,EXCLUDE,Condition/details discharge follow-up to an existing permission; excluded under Rule 1.,delta_420,Application identity/number/description + source metadata.,
Southwark-22_AP_1181,EXCLUDE,Condition/details discharge follow-up to an existing permission; excluded under Rule 1.,delta_420,Application identity/number/description + source metadata.,
Southwark-22_AP_1182,EXCLUDE,Condition/details discharge follow-up to an existing permission; excluded under Rule 1.,delta_420,Application identity/number/description + source metadata.,
Southwark-22_AP_1652,EXCLUDE,"Application identity/metadata shows a consultation, companion or other non-substantive/follow-up record rather than an independent substantive application.",delta_420,Application identity/number/description + source metadata.,
Southwark-22_AP_1732,INCLUDE,"Existing Class E retail floorspace is incorporated into/enlarges the C3 dwelling, so a commercial→C3 component is explicit.",delta_420,Description-led validation + application identity/source metadata.,
Southwark-22_AP_1777,INCLUDE,The existing B8 warehouse is substantially refurbished into the mixed E + C3 building; the roof extension is additional to conversion of existing warehouse floorspace.,delta_420,Description-led validation + application identity/source metadata.,
Southwark-22_AP_2226,EXCLUDE,"The C3 component is delivered through demolition/redevelopment/new construction, and the description does not establish a retained existing commercial→C3 conversion component.",delta_420,Description-led validation + application identity/source metadata.,
Southwark-22_AP_3548,EXCLUDE,The C3 flats are created by an upward/roof extension over the existing commercial premises; the existing commercial floorspace is not converted.,delta_420,Description-led validation + application identity/source metadata.,
Southwark-22_OB_0006,EXCLUDE,"Application identity/metadata shows a consultation, companion or other non-substantive/follow-up record rather than an independent substantive application.",delta_420,Application identity/number/description + source metadata.,
Southwark-22_OB_0020,EXCLUDE,"Application identity/metadata shows a consultation, companion or other non-substantive/follow-up record rather than an independent substantive application.",delta_420,Application identity/number/description + source metadata.,
Southwark-22_OB_0029,EXCLUDE,"Application identity/metadata shows a consultation, companion or other non-substantive/follow-up record rather than an independent substantive application.",delta_420,Application identity/number/description + source metadata.,
Southwark-23_AP_2475,EXCLUDE,Condition/details discharge follow-up to an existing permission; excluded under Rule 1.,delta_420,Application identity/number/description + source metadata.,
Southwark-24_AP_0012,EXCLUDE,The retained/refurbished commercial element remains commercial and the residential element is newly constructed above/alongside it; Rule 4 fails.,delta_420,Description-led validation + application identity/source metadata.,
Sutton-DM2021_02555,EXCLUDE,"Commercial and C3 uses may both appear in the scheme, but the description does not contain a qualifying retained existing commercial→C3 conversion; the residential component is new/reprovided/reconfigured rather than converted commercial floorspace.",delta_420,Description-led validation + application identity/source metadata.,
Tower_Hamlets-PA_21_02188_A2,EXCLUDE,"Commercial and C3 uses may both appear in the scheme, but the description does not contain a qualifying retained existing commercial→C3 conversion; the residential component is new/reprovided/reconfigured rather than converted commercial floorspace.",delta_420,Description-led validation + application identity/source metadata.,https://development.towerhamlets.gov.uk/online-applications/applicationDetails.do?keyVal=DCAPR136363&activeTab=summary
Tower_Hamlets-PA_21_02237_A1,EXCLUDE,"The C3 component is delivered through demolition/redevelopment/new construction, and the description does not establish a retained existing commercial→C3 conversion component.",delta_420,Description-led validation + application identity/source metadata.,https://development.towerhamlets.gov.uk/online-applications/applicationDetails.do?keyVal=DCAPR136418&activeTab=summary
Tower_Hamlets-PA_21_02237_R,EXCLUDE,"The C3 component is delivered through demolition/redevelopment/new construction, and the description does not establish a retained existing commercial→C3 conversion component.",delta_420,Description-led validation + application identity/source metadata.,https://development.towerhamlets.gov.uk/online-applications/applicationDetails.do?keyVal=DCAPR136418&activeTab=summary
Tower_Hamlets-PA_21_02246_NC,EXCLUDE,"Neighbour/other-authority consultation, notification or formal-observations record; not the determining authority's substantive application.",delta_420,Application identity/number/description + source metadata.,
Tower_Hamlets-PA_21_02287_NC,EXCLUDE,EIA screening/scoping opinion only; not the substantive planning application.,delta_420,Application identity/number/description + source metadata.,https://development.towerhamlets.gov.uk/online-applications/applicationDetails.do?keyVal=DCAPR136479&activeTab=summary
Tower_Hamlets-PA_21_02703_A1,EXCLUDE,"The C3 component is delivered through demolition/redevelopment/new construction, and the description does not establish a retained existing commercial→C3 conversion component.",delta_420,Description-led validation + application identity/source metadata.,https://development.towerhamlets.gov.uk/online-applications/applicationDetails.do?keyVal=DCAPR136938&activeTab=summary
Tower_Hamlets-PA_21_02787_A1,EXCLUDE,"The existing commercial floorspace is reconfigured/retained, while the described C3 dwellings are new/extended residential components; no commercial→C3 transfer is shown.",delta_420,Description-led validation + application identity/source metadata.,https://development.towerhamlets.gov.uk/online-applications/applicationDetails.do?keyVal=DCAPR137046&activeTab=summary
Tower_Hamlets-PA_22_00731_A1,EXCLUDE,"The C3 component is delivered through demolition/redevelopment/new construction, and the description does not establish a retained existing commercial→C3 conversion component.",delta_420,Description-led validation + application identity/source metadata.,https://development.towerhamlets.gov.uk/online-applications/applicationDetails.do?keyVal=DCAPR137876&activeTab=summary
Tower_Hamlets-PA_22_00731_R,EXCLUDE,"The C3 component is delivered through demolition/redevelopment/new construction, and the description does not establish a retained existing commercial→C3 conversion component.",delta_420,Description-led validation + application identity/source metadata.,https://development.towerhamlets.gov.uk/online-applications/applicationDetails.do?keyVal=DCAPR137876&activeTab=summary
Tower_Hamlets-PA_22_00906_A1,EXCLUDE,"The C3 component is delivered through demolition/redevelopment/new construction, and the description does not establish a retained existing commercial→C3 conversion component.",delta_420,Description-led validation + application identity/source metadata.,https://development.towerhamlets.gov.uk/online-applications/applicationDetails.do?keyVal=DCAPR138072&activeTab=summary
Tower_Hamlets-PA_22_00906_R,EXCLUDE,"The C3 component is delivered through demolition/redevelopment/new construction, and the description does not establish a retained existing commercial→C3 conversion component.",delta_420,Description-led validation + application identity/source metadata.,https://development.towerhamlets.gov.uk/online-applications/applicationDetails.do?keyVal=DCAPR138072&activeTab=summary
Tower_Hamlets-PA_22_01612_A1,EXCLUDE,The C3 component is created through new side/roof/upper-floor additions while commercial floorspace remains; no existing commercial floorspace is converted.,delta_420,Description-led validation + application identity/source metadata.,https://development.towerhamlets.gov.uk/online-applications/applicationDetails.do?keyVal=DCAPR138843&activeTab=summary
Tower_Hamlets-PA_22_01979_A1,EXCLUDE,"The C3 component is delivered through demolition/redevelopment/new construction, and the description does not establish a retained existing commercial→C3 conversion component.",delta_420,Description-led validation + application identity/source metadata.,https://development.towerhamlets.gov.uk/online-applications/applicationDetails.do?keyVal=DCAPR139246&activeTab=summary
Tower_Hamlets-PA_22_02608_A1,EXCLUDE,The commercial element is retained/reconfigured and the C3 component is described as new/extended accommodation; no existing commercial→C3 conversion is demonstrated.,delta_420,Description-led validation + application identity/source metadata.,https://development.towerhamlets.gov.uk/online-applications/applicationDetails.do?keyVal=DCAPR139936&activeTab=summary
Tower_Hamlets-PA_22_02718_A1,EXCLUDE,"The C3 component is delivered through demolition/redevelopment/new construction, and the description does not establish a retained existing commercial→C3 conversion component.",delta_420,Description-led validation + application identity/source metadata.,https://development.towerhamlets.gov.uk/online-applications/applicationDetails.do?keyVal=DCAPR140065&activeTab=summary
Tower_Hamlets-PA_22_02718_R,EXCLUDE,"The C3 component is delivered through demolition/redevelopment/new construction, and the description does not establish a retained existing commercial→C3 conversion component.",delta_420,Description-led validation + application identity/source metadata.,https://development.towerhamlets.gov.uk/online-applications/applicationDetails.do?keyVal=DCAPR140065&activeTab=summary
Tower_Hamlets-PA_23_01038_A1,EXCLUDE,"The C3 component is delivered through demolition/redevelopment/new construction, and the description does not establish a retained existing commercial→C3 conversion component.",delta_420,Description-led validation + application identity/source metadata.,https://development.towerhamlets.gov.uk/online-applications/applicationDetails.do?keyVal=DCAPR141200&activeTab=summary
Tower_Hamlets-PA_23_02037_A1,EXCLUDE,"Commercial and C3 uses may both appear in the scheme, but the description does not contain a qualifying retained existing commercial→C3 conversion; the residential component is new/reprovided/reconfigured rather than converted commercial floorspace.",delta_420,Description-led validation + application identity/source metadata.,https://development.towerhamlets.gov.uk/online-applications/applicationDetails.do?keyVal=DCAPR142493&activeTab=summary
Tower_Hamlets-PA_23_02079,EXCLUDE,"The C3 component is delivered through demolition/redevelopment/new construction, and the description does not establish a retained existing commercial→C3 conversion component.",delta_420,Description-led validation + application identity/source metadata.,https://development.towerhamlets.gov.uk/online-applications/applicationDetails.do?keyVal=DCAPR142553&activeTab=summary
Tower_Hamlets-PA_23_02079_A1,EXCLUDE,"The C3 component is delivered through demolition/redevelopment/new construction, and the description does not establish a retained existing commercial→C3 conversion component.",delta_420,Description-led validation + application identity/source metadata.,https://development.towerhamlets.gov.uk/online-applications/applicationDetails.do?keyVal=DCAPR142553&activeTab=summary
Tower_Hamlets-PA_23_02097_A1,EXCLUDE,"The C3 component is delivered through demolition/redevelopment/new construction, and the description does not establish a retained existing commercial→C3 conversion component.",delta_420,Description-led validation + application identity/source metadata.,https://development.towerhamlets.gov.uk/online-applications/applicationDetails.do?keyVal=DCAPR142574&activeTab=summary
Tower_Hamlets-PA_24_00124_NC,EXCLUDE,EIA screening/scoping opinion only; not the substantive planning application.,delta_420,Application identity/number/description + source metadata.,https://development.towerhamlets.gov.uk/online-applications/applicationDetails.do?keyVal=DCAPR143125&activeTab=summary
Tower_Hamlets-PA_24_00164_A1,EXCLUDE,"The C3 component is delivered through demolition/redevelopment/new construction, and the description does not establish a retained existing commercial→C3 conversion component.",delta_420,Description-led validation + application identity/source metadata.,https://development.towerhamlets.gov.uk/online-applications/applicationDetails.do?keyVal=DCAPR143199&activeTab=summary
Tower_Hamlets-PA_24_00368_A2,EXCLUDE,"The C3 component is delivered through demolition/redevelopment/new construction, and the description does not establish a retained existing commercial→C3 conversion component.",delta_420,Description-led validation + application identity/source metadata.,https://development.towerhamlets.gov.uk/online-applications/applicationDetails.do?keyVal=DCAPR143522&activeTab=summary
Waltham_Forest-212685,EXCLUDE,"The C3 component is delivered through demolition/redevelopment/new construction, and the description does not establish a retained existing commercial→C3 conversion component.",delta_420,Description-led validation + application identity/source metadata.,https://builtenvironment.walthamforest.gov.uk/planning/index.html?fa=getApplication&id=51719
Waltham_Forest-213318,EXCLUDE,"The existing retail projection is demolished and a new two-storey dwelling extension is constructed; this is demolition/new construction, not conversion of retained commercial floorspace.",delta_420,Description-led validation + application identity/source metadata.,
Waltham_Forest-213950,EXCLUDE,EIA screening/scoping opinion only; not the substantive planning application.,delta_420,Application identity/number/description + source metadata.,
Waltham_Forest-220695,EXCLUDE,"The C3 component is delivered through demolition/redevelopment/new construction, and the description does not establish a retained existing commercial→C3 conversion component.",delta_420,Description-led validation + application identity/source metadata.,
Waltham_Forest-220944,EXCLUDE,"The C3 component is delivered through demolition/redevelopment/new construction, and the description does not establish a retained existing commercial→C3 conversion component.",delta_420,Description-led validation + application identity/source metadata.,
Wandsworth-2021_5780,EXCLUDE,"The C3 component is delivered through demolition/redevelopment/new construction, and the description does not establish a retained existing commercial→C3 conversion component.",delta_420,Description-led validation + application identity/source metadata.,http://planning.wandsworth.gov.uk/Northgate/PlanningExplorer/DisplayAppDetails.aspx?AppNo=2021/5780
Wandsworth-2022_0239,EXCLUDE,"The C3 component is delivered through demolition/redevelopment/new construction, and the description does not establish a retained existing commercial→C3 conversion component.",delta_420,Description-led validation + application identity/source metadata.,http://planning.wandsworth.gov.uk/Northgate/PlanningExplorer/DisplayAppDetails.aspx?AppNo=2022/0239
Wandsworth-2022_1133,EXCLUDE,"Application identity/metadata shows a consultation, companion or other non-substantive/follow-up record rather than an independent substantive application.",delta_420,Application identity/number/description + source metadata.,http://planning.wandsworth.gov.uk/Northgate/PlanningExplorer/DisplayAppDetails.aspx?AppNo=2022/1133
Wandsworth-2022_1353,EXCLUDE,"Application identity/metadata shows a consultation, companion or other non-substantive/follow-up record rather than an independent substantive application.",delta_420,Application identity/number/description + source metadata.,http://planning.wandsworth.gov.uk/Northgate/PlanningExplorer/DisplayAppDetails.aspx?AppNo=2022/1353
Wandsworth-2022_3878,EXCLUDE,"The C3 component is delivered through demolition/redevelopment/new construction, and the description does not establish a retained existing commercial→C3 conversion component.",delta_420,Description-led validation + application identity/source metadata.,http://planning.wandsworth.gov.uk/Northgate/PlanningExplorer/DisplayAppDetails.aspx?AppNo=2022/3878
Wandsworth-2022_4572,EXCLUDE,"Commercial and C3 uses may both appear in the scheme, but the description does not contain a qualifying retained existing commercial→C3 conversion; the residential component is new/reprovided/reconfigured rather than converted commercial floorspace.",delta_420,Description-led validation + application identity/source metadata.,http://planning.wandsworth.gov.uk/Northgate/PlanningExplorer/DisplayAppDetails.aspx?AppNo=2022/4572
Wandsworth-2023_0892,EXCLUDE,"Commercial and C3 uses may both appear in the scheme, but the description does not contain a qualifying retained existing commercial→C3 conversion; the residential component is new/reprovided/reconfigured rather than converted commercial floorspace.",delta_420,Description-led validation + application identity/source metadata.,http://planning.wandsworth.gov.uk/Northgate/PlanningExplorer/DisplayAppDetails.aspx?AppNo=2023/0892
Wandsworth-2023_2823,UNRESOLVED,"Wandsworth records this as Permission in Principle, with existing land use Class E and proposed land use C3, but also as 'New residential devpts'. The record does not establish whether the snooker-hall floorspace is retained and converted rather than redeveloped.",delta_420,Description + application metadata + targeted council/official-record cross-check.,https://planning.wandsworth.gov.uk/Northgate/PlanningExplorer/Generic/StdDetails.aspx?DAURI=PLANNING&FT=Planning%20Application%20Details&PARAM0=1119805&PT=Planning%20Applications%20On-Line&PUBLIC=N&TYPE=PL%2FPlanningPK.xml
Wandsworth-2023_2832,EXCLUDE,"The C3 component is delivered through demolition/redevelopment/new construction, and the description does not establish a retained existing commercial→C3 conversion component.",delta_420,Description-led validation + application identity/source metadata.,http://planning.wandsworth.gov.uk/Northgate/PlanningExplorer/DisplayAppDetails.aspx?AppNo=2023/2832
Wandsworth-2023_4550,EXCLUDE,"Application identity/metadata shows a consultation, companion or other non-substantive/follow-up record rather than an independent substantive application.",delta_420,Application identity/number/description + source metadata.,http://planning.wandsworth.gov.uk/Northgate/PlanningExplorer/DisplayAppDetails.aspx?AppNo=2023/4550
Westminster-21_05187_FULL,EXCLUDE,"The C3 component is delivered through demolition/redevelopment/new construction, and the description does not establish a retained existing commercial→C3 conversion component.",delta_420,Description-led validation + application identity/source metadata.,
Westminster-21_05289_FULL,UNRESOLVED,"The rear ground–fourth floors are proposed as C3 and retail Class E remains at front/basement, but the existing use of the rear floors becoming C3 is not stated.",delta_420,Description-led validation + application identity/source metadata.,
Westminster-21_05497_FULL,EXCLUDE,"The relevant origin/current floorspace is already residential (often explicitly 'continued residential') or is merely reconfigured; Class E is retained/alternative, so there is no existing commercial→C3 conversion.",delta_420,Description-led validation + application identity/source metadata.,
Westminster-21_05982_FULL,INCLUDE,"All four rules are satisfied: a substantive application identifies existing commercial/service floorspace being changed to ordinary C3 residential use. Extensions/new-build elements, where present, are additional to rather than a substitute for the qualifying conversion.",delta_420,Description-led validation + application identity/source metadata.,
Westminster-21_06042_MOD106,EXCLUDE,S106/legal-agreement variation or follow-up; not the substantive application.,delta_420,Application identity/number/description + source metadata.,
Westminster-21_07671_FULL,EXCLUDE,"The relevant origin/current floorspace is already residential (often explicitly 'continued residential') or is merely reconfigured; Class E is retained/alternative, so there is no existing commercial→C3 conversion.",delta_420,Description-led validation + application identity/source metadata.,
Westminster-21_07726_FULL,EXCLUDE,"The relevant origin/current floorspace is already residential (often explicitly 'continued residential') or is merely reconfigured; Class E is retained/alternative, so there is no existing commercial→C3 conversion.",delta_420,Description-led validation + application identity/source metadata.,
Westminster-21_08196_FULL,EXCLUDE,"The relevant origin/current floorspace is already residential (often explicitly 'continued residential') or is merely reconfigured; Class E is retained/alternative, so there is no existing commercial→C3 conversion.",delta_420,Description-led validation + application identity/source metadata.,
Westminster-21_08317_FULL,EXCLUDE,"The relevant origin/current floorspace is already residential (often explicitly 'continued residential') or is merely reconfigured; Class E is retained/alternative, so there is no existing commercial→C3 conversion.",delta_420,Description-led validation + application identity/source metadata.,
Westminster-21_08356_FULL,INCLUDE,"All four rules are satisfied: a substantive application identifies existing commercial/service floorspace being changed to ordinary C3 residential use. Extensions/new-build elements, where present, are additional to rather than a substitute for the qualifying conversion.",delta_420,Description-led validation + application identity/source metadata.,
Westminster-21_08715_FULL,EXCLUDE,"The relevant origin/current floorspace is already residential (often explicitly 'continued residential') or is merely reconfigured; Class E is retained/alternative, so there is no existing commercial→C3 conversion.",delta_420,Description-led validation + application identity/source metadata.,
Westminster-21_08899_FULL,EXCLUDE,Demolition behind a retained façade and replacement/extension produces the new scheme; no retained existing commercial floorspace is shown changing to C3.,delta_420,Description-led validation + application identity/source metadata.,
Westminster-22_00780_FULL,EXCLUDE,"The relevant origin/current floorspace is already residential (often explicitly 'continued residential') or is merely reconfigured; Class E is retained/alternative, so there is no existing commercial→C3 conversion.",delta_420,Description-led validation + application identity/source metadata.,
Westminster-22_00788_LBC,EXCLUDE,Listed Building Consent / LBC companion rather than the independent substantive planning application.,delta_420,Application identity/number/description + source metadata.,
Westminster-22_00998_FULL,EXCLUDE,"The relevant origin/current floorspace is already residential (often explicitly 'continued residential') or is merely reconfigured; Class E is retained/alternative, so there is no existing commercial→C3 conversion.",delta_420,Description-led validation + application identity/source metadata.,
Westminster-22_01068_FULL,UNRESOLVED,"Proposed Class E/C3 flexible use is clear, but the existing use of the affected floors is not established by the current CSV evidence.",delta_420,Description-led validation + application identity/source metadata.,
Westminster-22_01807_FULL,EXCLUDE,"The C3 component is delivered through demolition/redevelopment/new construction, and the description does not establish a retained existing commercial→C3 conversion component.",delta_420,Description-led validation + application identity/source metadata.,
Westminster-22_01809_FULL,EXCLUDE,Researcher re-check found the affected premises to be residential rather than a qualifying existing commercial origin.,delta_420,Description-led validation + application identity/source metadata.,
Westminster-22_02725_FULL,INCLUDE,"All four rules are satisfied: a substantive application identifies existing commercial/service floorspace being changed to ordinary C3 residential use. Extensions/new-build elements, where present, are additional to rather than a substitute for the qualifying conversion.",delta_420,Description-led validation + application identity/source metadata.,
Westminster-22_02761_FULL,EXCLUDE,"The relevant origin/current floorspace is already residential (often explicitly 'continued residential') or is merely reconfigured; Class E is retained/alternative, so there is no existing commercial→C3 conversion.",delta_420,Description-led validation + application identity/source metadata.,
Westminster-22_02815_FULL,EXCLUDE,"The relevant origin/current floorspace is already residential (often explicitly 'continued residential') or is merely reconfigured; Class E is retained/alternative, so there is no existing commercial→C3 conversion.",delta_420,Description-led validation + application identity/source metadata.,
Westminster-22_02900_FULL,UNRESOLVED,"This is a substantive full-planning proposal with C3 and retail Class E, but the existing use of the part becoming the dwelling is not stated clearly enough to prove commercial→C3 conversion.",delta_420,Description-led validation + application identity/source metadata.,
Westminster-22_03839_FULL,INCLUDE,The description explicitly amalgamates an existing first-floor Class E office into a C3 residential unit.,delta_420,Description-led validation + application identity/source metadata.,
Westminster-22_04037_FULL,INCLUDE,The scheme explicitly replaces an existing Class E retail kiosk with residential reception/refuse/cycle accommodation serving the C3 flats; a commercial→residential floorspace component is present.,delta_420,Description-led validation + application identity/source metadata.,
Westminster-22_04248_FULL,EXCLUDE,This is renewal of a permission whose underlying scheme is demolition and redevelopment; the C3 component is not an existing-commercial-space conversion.,delta_420,Description-led validation + application identity/source metadata.,
Westminster-22_04280_FULL,EXCLUDE,"The relevant origin/current floorspace is already residential (often explicitly 'continued residential') or is merely reconfigured; Class E is retained/alternative, so there is no existing commercial→C3 conversion.",delta_420,Description-led validation + application identity/source metadata.,
Westminster-22_04856_FULL,EXCLUDE,"The relevant origin/current floorspace is already residential (often explicitly 'continued residential') or is merely reconfigured; Class E is retained/alternative, so there is no existing commercial→C3 conversion.",delta_420,Description-led validation + application identity/source metadata.,
Westminster-22_05363_LBC,EXCLUDE,Listed Building Consent / LBC companion rather than the independent substantive planning application.,delta_420,Application identity/number/description + source metadata.,
Westminster-22_05861_FULL,UNRESOLVED,Current CSV evidence does not independently establish the existing use of the affected floor as qualifying commercial floorspace.,delta_420,Description-led validation + application identity/source metadata.,
Westminster-22_06534_FULL,EXCLUDE,"The relevant origin/current floorspace is already residential (often explicitly 'continued residential') or is merely reconfigured; Class E is retained/alternative, so there is no existing commercial→C3 conversion.",delta_420,Description-led validation + application identity/source metadata.,
Westminster-22_06535_LBC,EXCLUDE,Listed Building Consent / LBC companion rather than the independent substantive planning application.,delta_420,Application identity/number/description + source metadata.,
Westminster-22_06901_FULL,EXCLUDE,Demolition behind retained façades plus replacement floorspace/roof and ground extensions does not establish retained commercial floorspace changing to C3.,delta_420,Description-led validation + application identity/source metadata.,
Westminster-22_07459_FULL,EXCLUDE,"The relevant origin/current floorspace is already residential (often explicitly 'continued residential') or is merely reconfigured; Class E is retained/alternative, so there is no existing commercial→C3 conversion.",delta_420,Description-led validation + application identity/source metadata.,
Westminster-22_08129_FULL,EXCLUDE,The relevant C3 floorspace derives from previously added/new roof-extension floorspace rather than conversion of existing commercial floorspace.,delta_420,Description-led validation + application identity/source metadata.,
Westminster-23_00778_FULL,EXCLUDE,"The relevant origin/current floorspace is already residential (often explicitly 'continued residential') or is merely reconfigured; Class E is retained/alternative, so there is no existing commercial→C3 conversion.",delta_420,Description-led validation + application identity/source metadata.,
Westminster-23_02687_FULL,EXCLUDE,"The existing building is demolished (apart from party wall) and redeveloped; the residential component is new/replacement development, not conversion.",delta_420,Description-led validation + application identity/source metadata.,
Westminster-23_03086_FULL,EXCLUDE,"The relevant origin/current floorspace is already residential (often explicitly 'continued residential') or is merely reconfigured; Class E is retained/alternative, so there is no existing commercial→C3 conversion.",delta_420,Description-led validation + application identity/source metadata.,
Westminster-23_03906_FULL,EXCLUDE,"The relevant origin/current floorspace is already residential (often explicitly 'continued residential') or is merely reconfigured; Class E is retained/alternative, so there is no existing commercial→C3 conversion.",delta_420,Description-led validation + application identity/source metadata.,
Westminster-23_04076_FULL,EXCLUDE,"The relevant origin/current floorspace is already residential (often explicitly 'continued residential') or is merely reconfigured; Class E is retained/alternative, so there is no existing commercial→C3 conversion.",delta_420,Description-led validation + application identity/source metadata.,
Westminster-23_04077_FULL,EXCLUDE,"The relevant origin/current floorspace is already residential (often explicitly 'continued residential') or is merely reconfigured; Class E is retained/alternative, so there is no existing commercial→C3 conversion.",delta_420,Description-led validation + application identity/source metadata.,
Westminster-23_04078_FULL,EXCLUDE,"The relevant origin/current floorspace is already residential (often explicitly 'continued residential') or is merely reconfigured; Class E is retained/alternative, so there is no existing commercial→C3 conversion.",delta_420,Description-led validation + application identity/source metadata.,
Westminster-23_04101_OBS,EXCLUDE,"Application identity/metadata shows a consultation, companion or other non-substantive/follow-up record rather than an independent substantive application.",delta_420,Application identity/number/description + source metadata.,
Westminster-23_04140_FULL,UNRESOLVED,"The proposal allocates ground floor to Class E office and basement to C3 with extensions, but does not state the pre-application/origin use of the basement floorspace.",delta_420,Description-led validation + application identity/source metadata.,
Westminster-23_04288_FULL,INCLUDE,"All four rules are satisfied: a substantive application identifies existing commercial/service floorspace being changed to ordinary C3 residential use. Extensions/new-build elements, where present, are additional to rather than a substitute for the qualifying conversion.",delta_420,Description-led validation + application identity/source metadata.,
Westminster-23_04289_LBC,EXCLUDE,"Application identity/metadata shows a consultation, companion or other non-substantive/follow-up record rather than an independent substantive application.",delta_420,Application identity/number/description + source metadata.,
Westminster-23_04304_OBS,EXCLUDE,"Application identity/metadata shows a consultation, companion or other non-substantive/follow-up record rather than an independent substantive application.",delta_420,Application identity/number/description + source metadata.,
Westminster-23_04506_FULL,UNRESOLVED,"The proposal mixes Class E offices and four C3 flats across overlapping floor levels, but does not state the existing use of the specific floorspace becoming C3.",delta_420,Description-led validation + application identity/source metadata.,
Westminster-23_04818_FULL,INCLUDE,"All four rules are satisfied: a substantive application identifies existing commercial/service floorspace being changed to ordinary C3 residential use. Extensions/new-build elements, where present, are additional to rather than a substitute for the qualifying conversion.",delta_420,Description-led validation + application identity/source metadata.,
Westminster-23_04854_FULL,EXCLUDE,"The relevant origin/current floorspace is already residential (often explicitly 'continued residential') or is merely reconfigured; Class E is retained/alternative, so there is no existing commercial→C3 conversion.",delta_420,Description-led validation + application identity/source metadata.,
Westminster-23_05382_FULL,UNRESOLVED,"Proposed retail/office/C3 alternative use is clear, but the existing use of the affected floors is not established.",delta_420,Description-led validation + application identity/source metadata.,
Westminster-23_06379_FULL,INCLUDE,"All four rules are satisfied: a substantive application identifies existing commercial/service floorspace being changed to ordinary C3 residential use. Extensions/new-build elements, where present, are additional to rather than a substitute for the qualifying conversion.",delta_420,Description-led validation + application identity/source metadata.,
Westminster-23_06441_FULL,UNRESOLVED,"Proposed office/C3 alternative use is clear, but the existing use of the affected floors is not established.",delta_420,Description-led validation + application identity/source metadata.,
Westminster-23_07147_FULL,INCLUDE,"All four rules are satisfied: a substantive application identifies existing commercial/service floorspace being changed to ordinary C3 residential use. Extensions/new-build elements, where present, are additional to rather than a substitute for the qualifying conversion.",delta_420,Description-led validation + application identity/source metadata.,
Westminster-23_08129_FULL,EXCLUDE,"The relevant origin/current floorspace is already residential (often explicitly 'continued residential') or is merely reconfigured; Class E is retained/alternative, so there is no existing commercial→C3 conversion.",delta_420,Description-led validation + application identity/source metadata.,
Westminster-23_08321_FULL,EXCLUDE,"The relevant origin/current floorspace is already residential (often explicitly 'continued residential') or is merely reconfigured; Class E is retained/alternative, so there is no existing commercial→C3 conversion.",delta_420,Description-led validation + application identity/source metadata.,
Westminster-23_08325_FULL,EXCLUDE,"The relevant origin/current floorspace is already residential (often explicitly 'continued residential') or is merely reconfigured; Class E is retained/alternative, so there is no existing commercial→C3 conversion.",delta_420,Description-led validation + application identity/source metadata.,
Westminster-24_00412_FULL,EXCLUDE,The scheme demolishes/replaces the mews buildings behind a partly retained façade; the C3 units are replacement/new development rather than conversion of retained commercial space.,delta_420,Description-led validation + application identity/source metadata.,
Westminster-24_00508_FULL,UNRESOLVED,Available evidence does not reliably establish the existing use of the specific first/second floors affected by the application.,delta_420,Description-led validation + application identity/source metadata.,
Westminster-24_00728_FULL,EXCLUDE,"The relevant origin/current floorspace is already residential (often explicitly 'continued residential') or is merely reconfigured; Class E is retained/alternative, so there is no existing commercial→C3 conversion.",delta_420,Description-led validation + application identity/source metadata.,
Havering-J0019.22,INCLUDE,"All four rules are satisfied: a substantive application identifies existing commercial/service floorspace being changed to ordinary C3 residential use. Extensions/new-build elements, where present, are additional to rather than a substitute for the qualifying conversion.",delta_420,Description-led validation + application identity/source metadata.,http://development.havering.gov.uk/OcellaWeb/planningDetails?reference=J0019.22
Kingston-21_03970_LBC,EXCLUDE,Listed Building Consent / LBC companion rather than the independent substantive planning application.,delta_420,Application identity/number/description + source metadata.,https://publicaccess.kingston.gov.uk/online-applications/applicationDetails.do?activeTab=summary&keyVal=R45D9JNH03X00
Barnet-21_6010_NAC,EXCLUDE,"Application identity/metadata shows a consultation, companion or other non-substantive/follow-up record rather than an independent substantive application.",delta_420,Application identity/number/description + source metadata.,
Brent-23_3440,EXCLUDE,"The C3 component is delivered through demolition/redevelopment/new construction, and the description does not establish a retained existing commercial→C3 conversion component.",delta_420,Description-led validation + application identity/source metadata.,https://pa.brent.gov.uk/online-applications/applicationDetails.do?keyVal=DCAPR_166755&activeTab=summary
Brent-24_0410,EXCLUDE,"The C3 component is delivered through demolition/redevelopment/new construction, and the description does not establish a retained existing commercial→C3 conversion component.",delta_420,Description-led validation + application identity/source metadata.,https://pa.brent.gov.uk/online-applications/applicationDetails.do?keyVal=DCAPR_167877&activeTab=summary
Camden-2021_3225_P,EXCLUDE,"The C3 component is delivered through demolition/redevelopment/new construction, and the description does not establish a retained existing commercial→C3 conversion component.",delta_420,Description-led validation + application identity/source metadata.,https://planningrecords.camden.gov.uk/Northgate/PlanningExplorer/DisplayAppDetails.aspx?AppNo=2021/3225/P
Camden-2022_3553_P,EXCLUDE,"The C3 component is delivered through demolition/redevelopment/new construction, and the description does not establish a retained existing commercial→C3 conversion component.",delta_420,Description-led validation + application identity/source metadata.,https://planningrecords.camden.gov.uk/Northgate/PlanningExplorer/DisplayAppDetails.aspx?AppNo=2022/3553/P
Camden-2022_4514_P,EXCLUDE,"The relevant origin/current floorspace is already residential (often explicitly 'continued residential') or is merely reconfigured; Class E is retained/alternative, so there is no existing commercial→C3 conversion.",delta_420,Description-led validation + application identity/source metadata.,https://planningrecords.camden.gov.uk/Northgate/PlanningExplorer/DisplayAppDetails.aspx?AppNo=2022/4514/P
Camden-2024_0479_P,EXCLUDE,"The C3 component is delivered through demolition/redevelopment/new construction, and the description does not establish a retained existing commercial→C3 conversion component.",delta_420,Description-led validation + application identity/source metadata.,https://planningrecords.camden.gov.uk/Northgate/PlanningExplorer/DisplayAppDetails.aspx?AppNo=2024/0479/P
City_of_London-24_00208_OBS,EXCLUDE,"Application identity/metadata shows a consultation, companion or other non-substantive/follow-up record rather than an independent substantive application.",delta_420,Application identity/number/description + source metadata.,
Ealing-240311FUL,EXCLUDE,"The C3 component is delivered through demolition/redevelopment/new construction, and the description does not establish a retained existing commercial→C3 conversion component.",delta_420,Description-led validation + application identity/source metadata.,
Enfield-21_04371_OA,EXCLUDE,"The C3 component is delivered through demolition/redevelopment/new construction, and the description does not establish a retained existing commercial→C3 conversion component.",delta_420,Description-led validation + application identity/source metadata.,
Enfield-22_01799_OA,EXCLUDE,"The C3 component is delivered through demolition/redevelopment/new construction, and the description does not establish a retained existing commercial→C3 conversion component.",delta_420,Description-led validation + application identity/source metadata.,
Greenwich-22_0993_F,EXCLUDE,"The C3 component is delivered through demolition/redevelopment/new construction, and the description does not establish a retained existing commercial→C3 conversion component.",delta_420,Description-led validation + application identity/source metadata.,https://planning.royalgreenwich.gov.uk/online-applications/applicationDetails.do?activeTab=summary&keyVal=_GRNW_DCAPR_111111&activeTab=summary
Greenwich-22_3162_F,UNRESOLVED,"The Island Site contains substantial existing office/commercial floorspace and proposes C3 within a demolition/retention/refurbishment scheme, but the available material does not reliably map the C3 dwellings specifically to retained converted commercial floorspace.",delta_420,Description + application metadata + targeted council/official-record cross-check.,https://planning.royalgreenwich.gov.uk/online-applications/applicationDetails.do?activeTab=summary&keyVal=_GRNW_DCAPR_113289 ; https://greenwich.moderngov.co.uk/ieDecisionDetails.aspx?Id=685
Greenwich-23_3911_F,EXCLUDE,"Commercial and C3 uses may both appear in the scheme, but the description does not contain a qualifying retained existing commercial→C3 conversion; the residential component is new/reprovided/reconfigured rather than converted commercial floorspace.",delta_420,Description-led validation + application identity/source metadata.,https://planning.royalgreenwich.gov.uk/online-applications/applicationDetails.do?activeTab=summary&keyVal=_GRNW_DCAPR_118374&activeTab=summary
Hackney-2022_1610,EXCLUDE,"The C3 component is delivered through demolition/redevelopment/new construction, and the description does not establish a retained existing commercial→C3 conversion component.",delta_420,Description-led validation + application identity/source metadata.,/planning/index.html?fa=getApplication&id=73773
Hackney-2023_2658,EXCLUDE,"Neighbour/other-authority consultation, notification or formal-observations record; not the determining authority's substantive application.",delta_420,Application identity/number/description + source metadata.,
Hackney-2024_0338,EXCLUDE,"Neighbour/other-authority consultation, notification or formal-observations record; not the determining authority's substantive application.",delta_420,Application identity/number/description + source metadata.,https://developmentandhousing.hackney.gov.uk//planning/index.html?fa=getApplication&id=78200
Hammersmith_&_Fulham-2021_04025_OBS,EXCLUDE,EIA screening/scoping opinion only; not the substantive planning application.,delta_420,Application identity/number/description + source metadata.,
Hammersmith_&_Fulham-2022_00821_FUL,INCLUDE,Corroborating scheme material indicates existing upper office floorspace is converted to C3 while extra upper floors are also added; the C3 is not solely new-build/extension floorspace.,delta_420,Description + application metadata + targeted corroboration from public planning/supporting material.,https://planning.org.uk/app/125/RPIDP6BIISJ00 ; https://www.fulhamsw6.com/page/fulhamsw6/info/conplanning013.htm
Hammersmith_&_Fulham-2023_02901_OBS,EXCLUDE,"Application identity/metadata shows a consultation, companion or other non-substantive/follow-up record rather than an independent substantive application.",delta_420,Application identity/number/description + source metadata.,
Hillingdon-39704_APP_2023_3050,EXCLUDE,"Neighbour/other-authority consultation, notification or formal-observations record; not the determining authority's substantive application.",delta_420,Application identity/number/description + source metadata.,http://planning.hillingdon.gov.uk/OcellaWeb/planningDetails?reference=39704/APP/2023/3050
Hounslow-C_2023_2369,EXCLUDE,"Application identity/metadata shows a consultation, companion or other non-substantive/follow-up record rather than an independent substantive application.",delta_420,Application identity/number/description + source metadata.,https://planningandbuilding.hounslow.gov.uk/NECSWS/ES/Presentation/Planning/OnlinePlanning/OnlinePlanningOverview?applicationNumber=C/2023/2369
Hounslow-C_2023_3315,EXCLUDE,"Application identity/metadata shows a consultation, companion or other non-substantive/follow-up record rather than an independent substantive application.",delta_420,Application identity/number/description + source metadata.,https://planningandbuilding.hounslow.gov.uk/NECSWS/ES/Presentation/Planning/OnlinePlanning/OnlinePlanningOverview?applicationNumber=C/2023/3315
Hounslow-C_2023_3845,EXCLUDE,"Application identity/metadata shows a consultation, companion or other non-substantive/follow-up record rather than an independent substantive application.",delta_420,Application identity/number/description + source metadata.,https://planningandbuilding.hounslow.gov.uk/NECSWS/ES/Presentation/Planning/OnlinePlanning/OnlinePlanningOverview?applicationNumber=C/2023/3845
Hounslow-P_2021_4783,EXCLUDE,"The C3 component is delivered through demolition/redevelopment/new construction, and the description does not establish a retained existing commercial→C3 conversion component.",delta_420,Description-led validation + application identity/source metadata.,https://planningandbuilding.hounslow.gov.uk/NECSWS/ES/Presentation/Planning/OnlinePlanning/OnlinePlanningOverview?applicationNumber=P/2021/4783
Islington-P2022_3992_OBS,EXCLUDE,"Application identity/metadata shows a consultation, companion or other non-substantive/follow-up record rather than an independent substantive application.",delta_420,Application identity/number/description + source metadata.,
Islington-Q2023_2071_MJR,EXCLUDE,Pre-application/advice record; not a substantive planning application.,delta_420,Application identity/number/description + source metadata.,
Kensington_&_Chelsea-OB_21_06242,EXCLUDE,"Neighbour/other-authority consultation, notification or formal-observations record; not the determining authority's substantive application.",delta_420,Application identity/number/description + source metadata.,
Kensington_&_Chelsea-PP_23_06575,EXCLUDE,"Commercial and C3 uses may both appear in the scheme, but the description does not contain a qualifying retained existing commercial→C3 conversion; the residential component is new/reprovided/reconfigured rather than converted commercial floorspace.",delta_420,Description-led validation + application identity/source metadata.,
LLDC-21_00416_FUL,EXCLUDE,"The C3 component is delivered through demolition/redevelopment/new construction, and the description does not establish a retained existing commercial→C3 conversion component.",delta_420,Description-led validation + application identity/source metadata.,
LLDC-23_00208_SCOES,EXCLUDE,EIA screening/scoping opinion only; not the substantive planning application.,delta_420,Application identity/number/description + source metadata.,
LLDC-23_00369_LBOCON,EXCLUDE,"Neighbour/other-authority consultation, notification or formal-observations record; not the determining authority's substantive application.",delta_420,Application identity/number/description + source metadata.,
LLDC-23_00441_FUL,EXCLUDE,"The C3 component is delivered through demolition/redevelopment/new construction, and the description does not establish a retained existing commercial→C3 conversion component.",delta_420,Description-led validation + application identity/source metadata.,
Lewisham-DC_22_125706,EXCLUDE,Condition/details discharge follow-up to an existing permission; excluded under Rule 1.,delta_420,Application identity/number/description + source metadata.,https://planning.lewisham.gov.uk/online-applications/applicationDetails.do?keyVal=_LEWIS_DCAPR_113628&activeTab=summary
Lewisham-DC_22_126997,EXCLUDE,"The C3 component is delivered through demolition/redevelopment/new construction, and the description does not establish a retained existing commercial→C3 conversion component.",delta_420,Description-led validation + application identity/source metadata.,https://planning.lewisham.gov.uk/online-applications/applicationDetails.do?keyVal=_LEWIS_DCAPR_114919&activeTab=summary
Lewisham-DC_22_127966,EXCLUDE,"Commercial and C3 uses may both appear in the scheme, but the description does not contain a qualifying retained existing commercial→C3 conversion; the residential component is new/reprovided/reconfigured rather than converted commercial floorspace.",delta_420,Description-led validation + application identity/source metadata.,https://planning.lewisham.gov.uk/online-applications/applicationDetails.do?keyVal=_LEWIS_DCAPR_115888&activeTab=summary
Lewisham-DC_23_130258,EXCLUDE,"The C3 component is delivered through demolition/redevelopment/new construction, and the description does not establish a retained existing commercial→C3 conversion component.",delta_420,Description-led validation + application identity/source metadata.,https://planning.lewisham.gov.uk/online-applications/applicationDetails.do?keyVal=_LEWIS_DCAPR_118180&activeTab=summary
Lewisham-DC_24_134875,EXCLUDE,"The C3 component is delivered through demolition/redevelopment/new construction, and the description does not establish a retained existing commercial→C3 conversion component.",delta_420,Description-led validation + application identity/source metadata.,https://planning.lewisham.gov.uk/online-applications/applicationDetails.do?keyVal=_LEWIS_DCAPR_122798&activeTab=summary
Newham-21_00416_FUL_LLDC,EXCLUDE,"The C3 component is delivered through demolition/redevelopment/new construction, and the description does not establish a retained existing commercial→C3 conversion component.",delta_420,Description-led validation + application identity/source metadata.,
Newham-22_00360_OUT,EXCLUDE,"The C3 component is delivered through demolition/redevelopment/new construction, and the description does not establish a retained existing commercial→C3 conversion component.",delta_420,Description-led validation + application identity/source metadata.,
Newham-22_02662_FUL,EXCLUDE,"Commercial and C3 uses may both appear in the scheme, but the description does not contain a qualifying retained existing commercial→C3 conversion; the residential component is new/reprovided/reconfigured rather than converted commercial floorspace.",delta_420,Description-led validation + application identity/source metadata.,
Newham-23_00208_SCOES_LLDC,EXCLUDE,EIA screening/scoping opinion only; not the substantive planning application.,delta_420,Application identity/number/description + source metadata.,
Newham-23_00441_FUL_LLDC,EXCLUDE,"The C3 component is delivered through demolition/redevelopment/new construction, and the description does not establish a retained existing commercial→C3 conversion component.",delta_420,Description-led validation + application identity/source metadata.,
Newham-23_00610_OUT,EXCLUDE,"The C3 component is delivered through demolition/redevelopment/new construction, and the description does not establish a retained existing commercial→C3 conversion component.",delta_420,Description-led validation + application identity/source metadata.,
Newham-23_02033_OUT,EXCLUDE,"The C3 component is delivered through demolition/redevelopment/new construction, and the description does not establish a retained existing commercial→C3 conversion component.",delta_420,Description-led validation + application identity/source metadata.,
OPDC-21_0181_OUTOPDC,EXCLUDE,"Commercial and C3 uses may both appear in the scheme, but the description does not contain a qualifying retained existing commercial→C3 conversion; the residential component is new/reprovided/reconfigured rather than converted commercial floorspace.",delta_420,Description-led validation + application identity/source metadata.,
OPDC-23_0051_FUMOPDC,EXCLUDE,"The C3 component is delivered through demolition/redevelopment/new construction, and the description does not establish a retained existing commercial→C3 conversion component.",delta_420,Description-led validation + application identity/source metadata.,
Redbridge-2327_22,EXCLUDE,"The C3 component is delivered through demolition/redevelopment/new construction, and the description does not establish a retained existing commercial→C3 conversion component.",delta_420,Description-led validation + application identity/source metadata.,
Richmond-21_2758_FUL,EXCLUDE,"The C3 component is delivered through demolition/redevelopment/new construction, and the description does not establish a retained existing commercial→C3 conversion component.",delta_420,Description-led validation + application identity/source metadata.,
Richmond-21_3864_CON,EXCLUDE,"Neighbour/other-authority consultation, notification or formal-observations record; not the determining authority's substantive application.",delta_420,Application identity/number/description + source metadata.,
Richmond-21_4366_CON,EXCLUDE,"Application identity/metadata shows a consultation, companion or other non-substantive/follow-up record rather than an independent substantive application.",delta_420,Application identity/number/description + source metadata.,
Southwark-21_AP_4336,INCLUDE,The existing B8 warehouse is substantially refurbished as part of the mixed E/Sui + C3 building; roof additions are additional to the retained-building conversion.,delta_420,Description-led validation + application identity/source metadata.,
Southwark-21_OB_0064,EXCLUDE,"Application identity/metadata shows a consultation, companion or other non-substantive/follow-up record rather than an independent substantive application.",delta_420,Application identity/number/description + source metadata.,
Southwark-21_OB_0069,EXCLUDE,"Application identity/metadata shows a consultation, companion or other non-substantive/follow-up record rather than an independent substantive application.",delta_420,Application identity/number/description + source metadata.,
Southwark-22_AP_1221,EXCLUDE,"Commercial and C3 uses may both appear in the scheme, but the description does not contain a qualifying retained existing commercial→C3 conversion; the residential component is new/reprovided/reconfigured rather than converted commercial floorspace.",delta_420,Description-led validation + application identity/source metadata.,
Southwark-22_AP_1603,EXCLUDE,"The C3 component is delivered through demolition/redevelopment/new construction, and the description does not establish a retained existing commercial→C3 conversion component.",delta_420,Description-led validation + application identity/source metadata.,
Southwark-22_AP_4177,EXCLUDE,Condition/details discharge follow-up to an existing permission; excluded under Rule 1.,delta_420,Application identity/number/description + source metadata.,
Southwark-22_OB_0037,EXCLUDE,"Application identity/metadata shows a consultation, companion or other non-substantive/follow-up record rather than an independent substantive application.",delta_420,Application identity/number/description + source metadata.,
Southwark-23_AP_0582,EXCLUDE,"Council material shows the retained/reconstructed existing warehouse is the two-storey commercial element, while the C3 homes are in a separate residential block; no retained commercial→C3 conversion.",delta_420,Description + application metadata + targeted council/official-record cross-check.,https://moderngov.southwark.gov.uk/documents/s117268/Report%20Daisy%20Business%20Park%2019-35%20Sylvan%20Grove%20London%20SE15%201PD.pdf
Southwark-23_AP_3228,EXCLUDE,Condition/details discharge follow-up to an existing permission; excluded under Rule 1.,delta_420,Application identity/number/description + source metadata.,
Southwark-23_AP_3272,EXCLUDE,Condition/details discharge follow-up to an existing permission; excluded under Rule 1.,delta_420,Application identity/number/description + source metadata.,
Southwark-23_AP_3487,EXCLUDE,"The C3 component is delivered through demolition/redevelopment/new construction, and the description does not establish a retained existing commercial→C3 conversion component.",delta_420,Description-led validation + application identity/source metadata.,
Southwark-23_OB_0011,EXCLUDE,"Application identity/metadata shows a consultation, companion or other non-substantive/follow-up record rather than an independent substantive application.",delta_420,Application identity/number/description + source metadata.,
Tower_Hamlets-PA_21_02182_A1,EXCLUDE,"The C3 component is delivered through demolition/redevelopment/new construction, and the description does not establish a retained existing commercial→C3 conversion component.",delta_420,Description-led validation + application identity/source metadata.,https://development.towerhamlets.gov.uk/online-applications/applicationDetails.do?keyVal=DCAPR136355&activeTab=summary
Tower_Hamlets-PA_21_02215_NC,EXCLUDE,"Neighbour/other-authority consultation, notification or formal-observations record; not the determining authority's substantive application.",delta_420,Application identity/number/description + source metadata.,
Tower_Hamlets-PA_21_02216_NC,EXCLUDE,"Neighbour/other-authority consultation, notification or formal-observations record; not the determining authority's substantive application.",delta_420,Application identity/number/description + source metadata.,
Tower_Hamlets-PA_21_02309_A1,EXCLUDE,"The C3 component is delivered through demolition/redevelopment/new construction, and the description does not establish a retained existing commercial→C3 conversion component.",delta_420,Description-led validation + application identity/source metadata.,https://development.towerhamlets.gov.uk/online-applications/applicationDetails.do?keyVal=DCAPR136502&activeTab=summary
Tower_Hamlets-PA_21_02377_A1,EXCLUDE,"Commercial and C3 uses may both appear in the scheme, but the description does not contain a qualifying retained existing commercial→C3 conversion; the residential component is new/reprovided/reconfigured rather than converted commercial floorspace.",delta_420,Description-led validation + application identity/source metadata.,https://development.towerhamlets.gov.uk/online-applications/applicationDetails.do?keyVal=DCAPR136578&activeTab=summary
Tower_Hamlets-PA_21_02500_A1,EXCLUDE,"Commercial and C3 uses may both appear in the scheme, but the description does not contain a qualifying retained existing commercial→C3 conversion; the residential component is new/reprovided/reconfigured rather than converted commercial floorspace.",delta_420,Description-led validation + application identity/source metadata.,https://development.towerhamlets.gov.uk/online-applications/applicationDetails.do?keyVal=DCAPR136719&activeTab=summary
Tower_Hamlets-PA_21_02513_A1,EXCLUDE,"The C3 component is delivered through demolition/redevelopment/new construction, and the description does not establish a retained existing commercial→C3 conversion component.",delta_420,Description-led validation + application identity/source metadata.,https://development.towerhamlets.gov.uk/online-applications/applicationDetails.do?keyVal=DCAPR136733&activeTab=summary
Tower_Hamlets-PA_22_00244_NC,EXCLUDE,Listed Building Consent / LBC companion rather than the independent substantive planning application.,delta_420,Application identity/number/description + source metadata.,https://development.towerhamlets.gov.uk/online-applications/applicationDetails.do?keyVal=DCAPR137338&activeTab=summary
Waltham_Forest-212925,EXCLUDE,Reserved-matters follow-up to an outline permission; excluded under Rule 1.,delta_420,Application identity/number/description + source metadata.,
Waltham_Forest-212926,EXCLUDE,Reserved-matters follow-up to an outline permission; excluded under Rule 1.,delta_420,Application identity/number/description + source metadata.,
Waltham_Forest-221520,EXCLUDE,"Neighbour/other-authority consultation, notification or formal-observations record; not the determining authority's substantive application.",delta_420,Application identity/number/description + source metadata.,
Waltham_Forest-240179,EXCLUDE,"Neighbour/other-authority consultation, notification or formal-observations record; not the determining authority's substantive application.",delta_420,Application identity/number/description + source metadata.,
Wandsworth-2021_5004,EXCLUDE,"The C3 component is delivered through demolition/redevelopment/new construction, and the description does not establish a retained existing commercial→C3 conversion component.",delta_420,Description-led validation + application identity/source metadata.,http://planning.wandsworth.gov.uk/Northgate/PlanningExplorer/DisplayAppDetails.aspx?AppNo=2021/5004
Wandsworth-2022_0748,EXCLUDE,EIA screening/scoping opinion only; not the substantive planning application.,delta_420,Application identity/number/description + source metadata.,http://planning.wandsworth.gov.uk/Northgate/PlanningExplorer/DisplayAppDetails.aspx?AppNo=2022/0748
Wandsworth-2022_1062,EXCLUDE,EIA screening/scoping opinion only; not the substantive planning application.,delta_420,Application identity/number/description + source metadata.,http://planning.wandsworth.gov.uk/Northgate/PlanningExplorer/DisplayAppDetails.aspx?AppNo=2022/1062
Wandsworth-2022_1835,EXCLUDE,"The C3 component is delivered through demolition/redevelopment/new construction, and the description does not establish a retained existing commercial→C3 conversion component.",delta_420,Description-led validation + application identity/source metadata.,http://planning.wandsworth.gov.uk/Northgate/PlanningExplorer/DisplayAppDetails.aspx?AppNo=2022/1835
Westminster-21_06475_FULL,EXCLUDE,"The C3 component is delivered through demolition/redevelopment/new construction, and the description does not establish a retained existing commercial→C3 conversion component.",delta_420,Description-led validation + application identity/source metadata.,
Westminster-21_08160_COOUT,EXCLUDE,"Commercial and C3 uses may both appear in the scheme, but the description does not contain a qualifying retained existing commercial→C3 conversion; the residential component is new/reprovided/reconfigured rather than converted commercial floorspace.",delta_420,Description-led validation + application identity/source metadata.,
Westminster-23_07774_OBS,EXCLUDE,EIA screening/scoping opinion only; not the substantive planning application.,delta_420,Application identity/number/description + source metadata.,
